{
  "gpt_models/pytorch-bert-base/return_code:0": 0,
  "gpt_models/pytorch-bert-base/return_code:1": 0,
  "gpt_models/pytorch-bert-base/return_code:2": 0,
  "gpt_models/pytorch-bert-base/return_code:3": 0,
  "gpt_models/pytorch-bert-base/return_code:4": 0,
  "gpt_models/pytorch-bert-base/return_code:5": 0,
  "gpt_models/pytorch-bert-base/return_code:6": 0,
  "gpt_models/pytorch-bert-base/return_code:7": 0,
  "gpt_models/pytorch-bert-base/fp16_inference_step_time:0": 5037.049922943115,
  "gpt_models/pytorch-bert-base/fp16_inference_step_time:1": 5021.270484924316,
  "gpt_models/pytorch-bert-base/fp16_inference_step_time:2": 5040.370833873749,
  "gpt_models/pytorch-bert-base/fp16_inference_step_time:3": 5040.124619007111,
  "gpt_models/pytorch-bert-base/fp16_inference_step_time:4": 5012.513082027435,
  "gpt_models/pytorch-bert-base/fp16_inference_step_time:5": 5020.709762573242,
  "gpt_models/pytorch-bert-base/fp16_inference_step_time:6": 5023.719370365143,
  "gpt_models/pytorch-bert-base/fp16_inference_step_time:7": 5039.844720363617,
  "gpt_models/pytorch-bert-base/fp16_inference_throughput:0": 833.9051582872997,
  "gpt_models/pytorch-bert-base/fp16_inference_throughput:1": 836.4871630778517,
  "gpt_models/pytorch-bert-base/fp16_inference_throughput:2": 833.3575455337266,
  "gpt_models/pytorch-bert-base/fp16_inference_throughput:3": 833.4296704336018,
  "gpt_models/pytorch-bert-base/fp16_inference_throughput:4": 837.9659000165459,
  "gpt_models/pytorch-bert-base/fp16_inference_throughput:5": 836.6105363473672,
  "gpt_models/pytorch-bert-base/fp16_inference_throughput:6": 836.0970757027536,
  "gpt_models/pytorch-bert-base/fp16_inference_throughput:7": 833.4955498913897,
  "gpt_models/pytorch-bert-base/fp16_inference_step_time_50:0": 5019.112348556519,
  "gpt_models/pytorch-bert-base/fp16_inference_step_time_50:1": 5009.880304336548,
  "gpt_models/pytorch-bert-base/fp16_inference_step_time_50:2": 5020.552158355713,
  "gpt_models/pytorch-bert-base/fp16_inference_step_time_50:3": 5019.7694301605225,
  "gpt_models/pytorch-bert-base/fp16_inference_step_time_50:4": 5001.860618591309,
  "gpt_models/pytorch-bert-base/fp16_inference_step_time_50:5": 5009.076833724976,
  "gpt_models/pytorch-bert-base/fp16_inference_step_time_50:6": 5010.200500488281,
  "gpt_models/pytorch-bert-base/fp16_inference_step_time_50:7": 5008.888006210327,
  "gpt_models/pytorch-bert-base/fp16_inference_step_time_90:0": 5104.308843612671,
  "gpt_models/pytorch-bert-base/fp16_inference_step_time_90:1": 5016.416072845459,
  "gpt_models/pytorch-bert-base/fp16_inference_step_time_90:2": 5129.782915115356,
  "gpt_models/pytorch-bert-base/fp16_inference_step_time_90:3": 5132.432222366333,
  "gpt_models/pytorch-bert-base/fp16_inference_step_time_90:4": 5004.315137863159,
  "gpt_models/pytorch-bert-base/fp16_inference_step_time_90:5": 5017.040491104126,
  "gpt_models/pytorch-bert-base/fp16_inference_step_time_90:6": 5029.988050460815,
  "gpt_models/pytorch-bert-base/fp16_inference_step_time_90:7": 5137.312889099121,
  "gpt_models/pytorch-bert-base/fp16_inference_step_time_95:0": 5170.085430145264,
  "gpt_models/pytorch-bert-base/fp16_inference_step_time_95:1": 5097.214460372925,
  "gpt_models/pytorch-bert-base/fp16_inference_step_time_95:2": 5166.073799133301,
  "gpt_models/pytorch-bert-base/fp16_inference_step_time_95:3": 5176.899433135986,
  "gpt_models/pytorch-bert-base/fp16_inference_step_time_95:4": 5116.840124130249,
  "gpt_models/pytorch-bert-base/fp16_inference_step_time_95:5": 5106.755018234253,
  "gpt_models/pytorch-bert-base/fp16_inference_step_time_95:6": 5144.814729690552,
  "gpt_models/pytorch-bert-base/fp16_inference_step_time_95:7": 5156.330823898315,
  "gpt_models/pytorch-bert-base/fp16_inference_step_time_99:0": 5207.9033851623535,
  "gpt_models/pytorch-bert-base/fp16_inference_step_time_99:1": 5173.080205917358,
  "gpt_models/pytorch-bert-base/fp16_inference_step_time_99:2": 5243.855953216553,
  "gpt_models/pytorch-bert-base/fp16_inference_step_time_99:3": 5314.012765884399,
  "gpt_models/pytorch-bert-base/fp16_inference_step_time_99:4": 5200.902938842773,
  "gpt_models/pytorch-bert-base/fp16_inference_step_time_99:5": 5152.522563934326,
  "gpt_models/pytorch-bert-base/fp16_inference_step_time_99:6": 5184.250593185425,
  "gpt_models/pytorch-bert-base/fp16_inference_step_time_99:7": 5287.7607345581055,
  "gpt_models/pytorch-bert-base/fp16_inference_step_time_99.9:0": 5284.458875656128,
  "gpt_models/pytorch-bert-base/fp16_inference_step_time_99.9:1": 5234.875440597534,
  "gpt_models/pytorch-bert-base/fp16_inference_step_time_99.9:2": 5254.529714584351,
  "gpt_models/pytorch-bert-base/fp16_inference_step_time_99.9:3": 5329.07509803772,
  "gpt_models/pytorch-bert-base/fp16_inference_step_time_99.9:4": 5305.609703063965,
  "gpt_models/pytorch-bert-base/fp16_inference_step_time_99.9:5": 5421.40007019043,
  "gpt_models/pytorch-bert-base/fp16_inference_step_time_99.9:6": 5249.916553497314,
  "gpt_models/pytorch-bert-base/fp16_inference_step_time_99.9:7": 5378.258943557739,
  "gpt_models/pytorch-bert-base/fp16_inference_throughput_50:0": 836.8039756755977,
  "gpt_models/pytorch-bert-base/fp16_inference_throughput_50:1": 838.3652063965616,
  "gpt_models/pytorch-bert-base/fp16_inference_throughput_50:2": 836.5985180930024,
  "gpt_models/pytorch-bert-base/fp16_inference_throughput_50:3": 836.6929286219406,
  "gpt_models/pytorch-bert-base/fp16_inference_throughput_50:4": 839.7054637245581,
  "gpt_models/pytorch-bert-base/fp16_inference_throughput_50:5": 838.4866353209718,
  "gpt_models/pytorch-bert-base/fp16_inference_throughput_50:6": 838.2913606542984,
  "gpt_models/pytorch-bert-base/fp16_inference_throughput_50:7": 838.5490993205098,
  "gpt_models/pytorch-bert-base/fp16_inference_throughput_90:0": 837.3409066343293,
  "gpt_models/pytorch-bert-base/fp16_inference_throughput_90:1": 838.7413392692498,
  "gpt_models/pytorch-bert-base/fp16_inference_throughput_90:2": 837.1134253808776,
  "gpt_models/pytorch-bert-base/fp16_inference_throughput_90:3": 837.1539626635522,
  "gpt_models/pytorch-bert-base/fp16_inference_throughput_90:4": 840.036050436277,
  "gpt_models/pytorch-bert-base/fp16_inference_throughput_90:5": 838.9019860927458,
  "gpt_models/pytorch-bert-base/fp16_inference_throughput_90:6": 838.7666983646977,
  "gpt_models/pytorch-bert-base/fp16_inference_throughput_90:7": 839.2653658713674,
  "gpt_models/pytorch-bert-base/fp16_inference_throughput_95:0": 837.4922180739218,
  "gpt_models/pytorch-bert-base/fp16_inference_throughput_95:1": 838.8320799873567,
  "gpt_models/pytorch-bert-base/fp16_inference_throughput_95:2": 837.3344589006326,
  "gpt_models/pytorch-bert-base/fp16_inference_throughput_95:3": 837.2156314168549,
  "gpt_models/pytorch-bert-base/fp16_inference_throughput_95:4": 840.0834815013623,
  "gpt_models/pytorch-bert-base/fp16_inference_throughput_95:5": 839.042672487865,
  "gpt_models/pytorch-bert-base/fp16_inference_throughput_95:6": 838.8274466229557,
  "gpt_models/pytorch-bert-base/fp16_inference_throughput_95:7": 839.4265735105461,
  "gpt_models/pytorch-bert-base/fp16_inference_throughput_99:0": 837.6430265903903,
  "gpt_models/pytorch-bert-base/fp16_inference_throughput_99:1": 838.9646718165106,
  "gpt_models/pytorch-bert-base/fp16_inference_throughput_99:2": 837.4381919020042,
  "gpt_models/pytorch-bert-base/fp16_inference_throughput_99:3": 837.3410658388865,
  "gpt_models/pytorch-bert-base/fp16_inference_throughput_99:4": 840.208013534845,
  "gpt_models/pytorch-bert-base/fp16_inference_throughput_99:5": 839.1983175709622,
  "gpt_models/pytorch-bert-base/fp16_inference_throughput_99:6": 838.9019461430727,
  "gpt_models/pytorch-bert-base/fp16_inference_throughput_99:7": 839.5907641987019,
  "gpt_models/pytorch-bert-base/fp16_inference_throughput_99.9:0": 837.6849296972564,
  "gpt_models/pytorch-bert-base/fp16_inference_throughput_99.9:1": 839.134357800643,
  "gpt_models/pytorch-bert-base/fp16_inference_throughput_99.9:2": 837.6451375781919,
  "gpt_models/pytorch-bert-base/fp16_inference_throughput_99.9:3": 837.3579020625409,
  "gpt_models/pytorch-bert-base/fp16_inference_throughput_99.9:4": 840.4490485949281,
  "gpt_models/pytorch-bert-base/fp16_inference_throughput_99.9:5": 839.8810955537463,
  "gpt_models/pytorch-bert-base/fp16_inference_throughput_99.9:6": 839.0477478291473,
  "gpt_models/pytorch-bert-base/fp16_inference_throughput_99.9:7": 839.6154143490678,
  "monitor/gpu_temperature:0": 56,
  "monitor/gpu_temperature:1": 52,
  "monitor/gpu_temperature:2": 51,
  "monitor/gpu_temperature:3": 51,
  "monitor/gpu_temperature:4": 49,
  "monitor/gpu_temperature:5": 52,
  "monitor/gpu_temperature:6": 51,
  "monitor/gpu_temperature:7": 51,
  "monitor/gpu_power_limit:0": 500,
  "monitor/gpu_power_limit:1": 500,
  "monitor/gpu_power_limit:2": 500,
  "monitor/gpu_power_limit:3": 500,
  "monitor/gpu_power_limit:4": 500,
  "monitor/gpu_power_limit:5": 500,
  "monitor/gpu_power_limit:6": 500,
  "monitor/gpu_power_limit:7": 500,
  "monitor/gpu_corrected_ecc:0": 0,
  "monitor/gpu_corrected_ecc:1": 0,
  "monitor/gpu_corrected_ecc:2": 0,
  "monitor/gpu_corrected_ecc:3": 0,
  "monitor/gpu_corrected_ecc:4": 0,
  "monitor/gpu_corrected_ecc:5": 0,
  "monitor/gpu_corrected_ecc:6": 0,
  "monitor/gpu_corrected_ecc:7": 0,
  "monitor/gpu_uncorrected_ecc:0": 0,
  "monitor/gpu_uncorrected_ecc:1": 0,
  "monitor/gpu_uncorrected_ecc:2": 0,
  "monitor/gpu_uncorrected_ecc:3": 0,
  "monitor/gpu_uncorrected_ecc:4": 0,
  "monitor/gpu_uncorrected_ecc:5": 0,
  "monitor/gpu_uncorrected_ecc:6": 0,
  "monitor/gpu_uncorrected_ecc:7": 0,
  "monitor/gpu_remap_correctable_error:0": 0,
  "monitor/gpu_remap_uncorrectable_error:0": 0,
  "monitor/gpu_remap_max:0": 640,
  "monitor/gpu_remap_high:0": 0,
  "monitor/gpu_remap_partial:0": 0,
  "monitor/gpu_remap_low:0": 0,
  "monitor/gpu_remap_none:0": 0,
  "monitor/gpu_remap_correctable_error:1": 0,
  "monitor/gpu_remap_uncorrectable_error:1": 0,
  "monitor/gpu_remap_max:1": 640,
  "monitor/gpu_remap_high:1": 0,
  "monitor/gpu_remap_partial:1": 0,
  "monitor/gpu_remap_low:1": 0,
  "monitor/gpu_remap_none:1": 0,
  "monitor/gpu_remap_correctable_error:2": 0,
  "monitor/gpu_remap_uncorrectable_error:2": 0,
  "monitor/gpu_remap_max:2": 640,
  "monitor/gpu_remap_high:2": 0,
  "monitor/gpu_remap_partial:2": 0,
  "monitor/gpu_remap_low:2": 0,
  "monitor/gpu_remap_none:2": 0,
  "monitor/gpu_remap_correctable_error:3": 0,
  "monitor/gpu_remap_uncorrectable_error:3": 0,
  "monitor/gpu_remap_max:3": 640,
  "monitor/gpu_remap_high:3": 0,
  "monitor/gpu_remap_partial:3": 0,
  "monitor/gpu_remap_low:3": 0,
  "monitor/gpu_remap_none:3": 0,
  "monitor/gpu_remap_correctable_error:4": 0,
  "monitor/gpu_remap_uncorrectable_error:4": 0,
  "monitor/gpu_remap_max:4": 640,
  "monitor/gpu_remap_high:4": 0,
  "monitor/gpu_remap_partial:4": 0,
  "monitor/gpu_remap_low:4": 0,
  "monitor/gpu_remap_none:4": 0,
  "monitor/gpu_remap_correctable_error:5": 0,
  "monitor/gpu_remap_uncorrectable_error:5": 0,
  "monitor/gpu_remap_max:5": 640,
  "monitor/gpu_remap_high:5": 0,
  "monitor/gpu_remap_partial:5": 0,
  "monitor/gpu_remap_low:5": 0,
  "monitor/gpu_remap_none:5": 0,
  "monitor/gpu_remap_correctable_error:6": 0,
  "monitor/gpu_remap_uncorrectable_error:6": 0,
  "monitor/gpu_remap_max:6": 640,
  "monitor/gpu_remap_high:6": 0,
  "monitor/gpu_remap_partial:6": 0,
  "monitor/gpu_remap_low:6": 0,
  "monitor/gpu_remap_none:6": 0,
  "monitor/gpu_remap_correctable_error:7": 0,
  "monitor/gpu_remap_uncorrectable_error:7": 0,
  "monitor/gpu_remap_max:7": 640,
  "monitor/gpu_remap_high:7": 0,
  "monitor/gpu_remap_partial:7": 0,
  "monitor/gpu_remap_low:7": 0,
  "monitor/gpu_remap_none:7": 0
}