{
  "gpt_models/pytorch-vgg16/return_code:0": 0,
  "gpt_models/pytorch-vgg16/return_code:1": 0,
  "gpt_models/pytorch-vgg16/return_code:2": 0,
  "gpt_models/pytorch-vgg16/return_code:3": 0,
  "gpt_models/pytorch-vgg16/return_code:4": 0,
  "gpt_models/pytorch-vgg16/return_code:5": 0,
  "gpt_models/pytorch-vgg16/return_code:6": 0,
  "gpt_models/pytorch-vgg16/return_code:7": 0,
  "gpt_models/pytorch-vgg16/fp32_inference_step_time:0": 3.159821033477783,
  "gpt_models/pytorch-vgg16/fp32_inference_step_time:1": 3.1059670448303223,
  "gpt_models/pytorch-vgg16/fp32_inference_step_time:2": 3.1434130668640137,
  "gpt_models/pytorch-vgg16/fp32_inference_step_time:3": 3.157033920288086,
  "gpt_models/pytorch-vgg16/fp32_inference_step_time:4": 3.1690120697021484,
  "gpt_models/pytorch-vgg16/fp32_inference_step_time:5": 3.180973529815674,
  "gpt_models/pytorch-vgg16/fp32_inference_step_time:6": 3.1736087799072266,
  "gpt_models/pytorch-vgg16/fp32_inference_step_time:7": 3.291010856628418,
  "gpt_models/pytorch-vgg16/fp32_inference_throughput:0": 1267.5733741794782,
  "gpt_models/pytorch-vgg16/fp32_inference_throughput:1": 1288.523086728068,
  "gpt_models/pytorch-vgg16/fp32_inference_throughput:2": 1272.5279915531316,
  "gpt_models/pytorch-vgg16/fp32_inference_throughput:3": 1270.8612153348845,
  "gpt_models/pytorch-vgg16/fp32_inference_throughput:4": 1263.062930008047,
  "gpt_models/pytorch-vgg16/fp32_inference_throughput:5": 1257.7789104230199,
  "gpt_models/pytorch-vgg16/fp32_inference_throughput:6": 1267.3912270204178,
  "gpt_models/pytorch-vgg16/fp32_inference_throughput:7": 1216.2052894025715,
  "gpt_models/pytorch-vgg16/fp32_inference_step_time_50:0": 3.1392574310302734,
  "gpt_models/pytorch-vgg16/fp32_inference_step_time_50:1": 3.086566925048828,
  "gpt_models/pytorch-vgg16/fp32_inference_step_time_50:2": 3.141164779663086,
  "gpt_models/pytorch-vgg16/fp32_inference_step_time_50:3": 3.073453903198242,
  "gpt_models/pytorch-vgg16/fp32_inference_step_time_50:4": 3.1549930572509766,
  "gpt_models/pytorch-vgg16/fp32_inference_step_time_50:5": 3.1735897064208984,
  "gpt_models/pytorch-vgg16/fp32_inference_step_time_50:6": 3.125905990600586,
  "gpt_models/pytorch-vgg16/fp32_inference_step_time_50:7": 3.291606903076172,
  "gpt_models/pytorch-vgg16/fp32_inference_step_time_90:0": 3.2165050506591797,
  "gpt_models/pytorch-vgg16/fp32_inference_step_time_90:1": 3.1778812408447266,
  "gpt_models/pytorch-vgg16/fp32_inference_step_time_90:2": 3.1621456146240234,
  "gpt_models/pytorch-vgg16/fp32_inference_step_time_90:3": 3.5407543182373047,
  "gpt_models/pytorch-vgg16/fp32_inference_step_time_90:4": 3.188610076904297,
  "gpt_models/pytorch-vgg16/fp32_inference_step_time_90:5": 3.2432079315185547,
  "gpt_models/pytorch-vgg16/fp32_inference_step_time_90:6": 3.170490264892578,
  "gpt_models/pytorch-vgg16/fp32_inference_step_time_90:7": 3.3364295959472656,
  "gpt_models/pytorch-vgg16/fp32_inference_step_time_95:0": 3.252744674682617,
  "gpt_models/pytorch-vgg16/fp32_inference_step_time_95:1": 3.1871795654296875,
  "gpt_models/pytorch-vgg16/fp32_inference_step_time_95:2": 3.170490264892578,
  "gpt_models/pytorch-vgg16/fp32_inference_step_time_95:3": 3.560304641723633,
  "gpt_models/pytorch-vgg16/fp32_inference_step_time_95:4": 3.2072067260742188,
  "gpt_models/pytorch-vgg16/fp32_inference_step_time_95:5": 3.253459930419922,
  "gpt_models/pytorch-vgg16/fp32_inference_step_time_95:6": 3.27301025390625,
  "gpt_models/pytorch-vgg16/fp32_inference_step_time_95:7": 3.354787826538086,
  "gpt_models/pytorch-vgg16/fp32_inference_step_time_99:0": 3.3206939697265625,
  "gpt_models/pytorch-vgg16/fp32_inference_step_time_99:1": 3.248453140258789,
  "gpt_models/pytorch-vgg16/fp32_inference_step_time_99:2": 3.185749053955078,
  "gpt_models/pytorch-vgg16/fp32_inference_step_time_99:3": 3.5867691040039062,
  "gpt_models/pytorch-vgg16/fp32_inference_step_time_99:4": 3.587484359741211,
  "gpt_models/pytorch-vgg16/fp32_inference_step_time_99:5": 3.2906532287597656,
  "gpt_models/pytorch-vgg16/fp32_inference_step_time_99:6": 3.8466453552246094,
  "gpt_models/pytorch-vgg16/fp32_inference_step_time_99:7": 3.7255287170410156,
  "gpt_models/pytorch-vgg16/fp32_inference_step_time_99.9:0": 4.39906120300293,
  "gpt_models/pytorch-vgg16/fp32_inference_step_time_99.9:1": 3.6444664001464844,
  "gpt_models/pytorch-vgg16/fp32_inference_step_time_99.9:2": 3.1919479370117188,
  "gpt_models/pytorch-vgg16/fp32_inference_step_time_99.9:3": 3.595113754272461,
  "gpt_models/pytorch-vgg16/fp32_inference_step_time_99.9:4": 3.8514137268066406,
  "gpt_models/pytorch-vgg16/fp32_inference_step_time_99.9:5": 3.305196762084961,
  "gpt_models/pytorch-vgg16/fp32_inference_step_time_99.9:6": 6.145238876342773,
  "gpt_models/pytorch-vgg16/fp32_inference_step_time_99.9:7": 3.7522315979003906,
  "gpt_models/pytorch-vgg16/fp32_inference_throughput_50:0": 1274.5738813340424,
  "gpt_models/pytorch-vgg16/fp32_inference_throughput_50:1": 1296.2385845630843,
  "gpt_models/pytorch-vgg16/fp32_inference_throughput_50:2": 1273.4129791271348,
  "gpt_models/pytorch-vgg16/fp32_inference_throughput_50:3": 1301.568347556245,
  "gpt_models/pytorch-vgg16/fp32_inference_throughput_50:4": 1267.8316330386156,
  "gpt_models/pytorch-vgg16/fp32_inference_throughput_50:5": 1262.583985550873,
  "gpt_models/pytorch-vgg16/fp32_inference_throughput_50:6": 1279.8242428865665,
  "gpt_models/pytorch-vgg16/fp32_inference_throughput_50:7": 1215.5641211418636,
  "gpt_models/pytorch-vgg16/fp32_inference_throughput_90:0": 1286.7936800122718,
  "gpt_models/pytorch-vgg16/fp32_inference_throughput_90:1": 1312.8739337976367,
  "gpt_models/pytorch-vgg16/fp32_inference_throughput_90:2": 1278.361475160012,
  "gpt_models/pytorch-vgg16/fp32_inference_throughput_90:3": 1311.8473688325905,
  "gpt_models/pytorch-vgg16/fp32_inference_throughput_90:4": 1278.361475160012,
  "gpt_models/pytorch-vgg16/fp32_inference_throughput_90:5": 1279.7266209000763,
  "gpt_models/pytorch-vgg16/fp32_inference_throughput_90:6": 1291.3497536945813,
  "gpt_models/pytorch-vgg16/fp32_inference_throughput_90:7": 1231.53607869045,
  "gpt_models/pytorch-vgg16/fp32_inference_throughput_95:0": 1292.3444769681098,
  "gpt_models/pytorch-vgg16/fp32_inference_throughput_95:1": 1316.0665202384687,
  "gpt_models/pytorch-vgg16/fp32_inference_throughput_95:2": 1280.1171982298183,
  "gpt_models/pytorch-vgg16/fp32_inference_throughput_95:3": 1313.0794396180638,
  "gpt_models/pytorch-vgg16/fp32_inference_throughput_95:4": 1279.7266209000763,
  "gpt_models/pytorch-vgg16/fp32_inference_throughput_95:5": 1281.9757010774051,
  "gpt_models/pytorch-vgg16/fp32_inference_throughput_95:6": 1296.5391035548687,
  "gpt_models/pytorch-vgg16/fp32_inference_throughput_95:7": 1281.2903619978615,
  "gpt_models/pytorch-vgg16/fp32_inference_throughput_99:0": 1294.638166525195,
  "gpt_models/pytorch-vgg16/fp32_inference_throughput_99:1": 1317.0997016800125,
  "gpt_models/pytorch-vgg16/fp32_inference_throughput_99:2": 1282.5637183701551,
  "gpt_models/pytorch-vgg16/fp32_inference_throughput_99:3": 1314.828840125392,
  "gpt_models/pytorch-vgg16/fp32_inference_throughput_99:4": 1282.3676526790491,
  "gpt_models/pytorch-vgg16/fp32_inference_throughput_99:5": 1285.7089432140394,
  "gpt_models/pytorch-vgg16/fp32_inference_throughput_99:6": 1300.4585691031702,
  "gpt_models/pytorch-vgg16/fp32_inference_throughput_99:7": 1289.86053663412,
  "gpt_models/pytorch-vgg16/fp32_inference_throughput_99.9:0": 1296.1384425216315,
  "gpt_models/pytorch-vgg16/fp32_inference_throughput_99.9:1": 1318.0309529421006,
  "gpt_models/pytorch-vgg16/fp32_inference_throughput_99.9:2": 1283.4467564259485,
  "gpt_models/pytorch-vgg16/fp32_inference_throughput_99.9:3": 1316.5829082633602,
  "gpt_models/pytorch-vgg16/fp32_inference_throughput_99.9:4": 1282.4656780308821,
  "gpt_models/pytorch-vgg16/fp32_inference_throughput_99.9:5": 1292.842413500809,
  "gpt_models/pytorch-vgg16/fp32_inference_throughput_99.9:6": 1303.894925001943,
  "gpt_models/pytorch-vgg16/fp32_inference_throughput_99.9:7": 1297.842964338207,
  "monitor/gpu_temperature:0": 28,
  "monitor/gpu_temperature:1": 28,
  "monitor/gpu_temperature:2": 27,
  "monitor/gpu_temperature:3": 26,
  "monitor/gpu_temperature:4": 26,
  "monitor/gpu_temperature:5": 26,
  "monitor/gpu_temperature:6": 27,
  "monitor/gpu_temperature:7": 27,
  "monitor/gpu_power_limit:0": 500,
  "monitor/gpu_power_limit:1": 500,
  "monitor/gpu_power_limit:2": 500,
  "monitor/gpu_power_limit:3": 500,
  "monitor/gpu_power_limit:4": 500,
  "monitor/gpu_power_limit:5": 500,
  "monitor/gpu_power_limit:6": 500,
  "monitor/gpu_power_limit:7": 500,
  "monitor/gpu_corrected_ecc:0": 0,
  "monitor/gpu_corrected_ecc:1": 0,
  "monitor/gpu_corrected_ecc:2": 0,
  "monitor/gpu_corrected_ecc:3": 0,
  "monitor/gpu_corrected_ecc:4": 0,
  "monitor/gpu_corrected_ecc:5": 0,
  "monitor/gpu_corrected_ecc:6": 0,
  "monitor/gpu_corrected_ecc:7": 0,
  "monitor/gpu_uncorrected_ecc:0": 0,
  "monitor/gpu_uncorrected_ecc:1": 0,
  "monitor/gpu_uncorrected_ecc:2": 0,
  "monitor/gpu_uncorrected_ecc:3": 0,
  "monitor/gpu_uncorrected_ecc:4": 0,
  "monitor/gpu_uncorrected_ecc:5": 0,
  "monitor/gpu_uncorrected_ecc:6": 0,
  "monitor/gpu_uncorrected_ecc:7": 0,
  "monitor/gpu_remap_correctable_error:0": 0,
  "monitor/gpu_remap_uncorrectable_error:0": 0,
  "monitor/gpu_remap_max:0": 640,
  "monitor/gpu_remap_high:0": 0,
  "monitor/gpu_remap_partial:0": 0,
  "monitor/gpu_remap_low:0": 0,
  "monitor/gpu_remap_none:0": 0,
  "monitor/gpu_remap_correctable_error:1": 0,
  "monitor/gpu_remap_uncorrectable_error:1": 0,
  "monitor/gpu_remap_max:1": 640,
  "monitor/gpu_remap_high:1": 0,
  "monitor/gpu_remap_partial:1": 0,
  "monitor/gpu_remap_low:1": 0,
  "monitor/gpu_remap_none:1": 0,
  "monitor/gpu_remap_correctable_error:2": 0,
  "monitor/gpu_remap_uncorrectable_error:2": 0,
  "monitor/gpu_remap_max:2": 640,
  "monitor/gpu_remap_high:2": 0,
  "monitor/gpu_remap_partial:2": 0,
  "monitor/gpu_remap_low:2": 0,
  "monitor/gpu_remap_none:2": 0,
  "monitor/gpu_remap_correctable_error:3": 0,
  "monitor/gpu_remap_uncorrectable_error:3": 0,
  "monitor/gpu_remap_max:3": 640,
  "monitor/gpu_remap_high:3": 0,
  "monitor/gpu_remap_partial:3": 0,
  "monitor/gpu_remap_low:3": 0,
  "monitor/gpu_remap_none:3": 0,
  "monitor/gpu_remap_correctable_error:4": 0,
  "monitor/gpu_remap_uncorrectable_error:4": 0,
  "monitor/gpu_remap_max:4": 640,
  "monitor/gpu_remap_high:4": 0,
  "monitor/gpu_remap_partial:4": 0,
  "monitor/gpu_remap_low:4": 0,
  "monitor/gpu_remap_none:4": 0,
  "monitor/gpu_remap_correctable_error:5": 0,
  "monitor/gpu_remap_uncorrectable_error:5": 0,
  "monitor/gpu_remap_max:5": 640,
  "monitor/gpu_remap_high:5": 0,
  "monitor/gpu_remap_partial:5": 0,
  "monitor/gpu_remap_low:5": 0,
  "monitor/gpu_remap_none:5": 0,
  "monitor/gpu_remap_correctable_error:6": 0,
  "monitor/gpu_remap_uncorrectable_error:6": 0,
  "monitor/gpu_remap_max:6": 640,
  "monitor/gpu_remap_high:6": 0,
  "monitor/gpu_remap_partial:6": 0,
  "monitor/gpu_remap_low:6": 0,
  "monitor/gpu_remap_none:6": 0,
  "monitor/gpu_remap_correctable_error:7": 0,
  "monitor/gpu_remap_uncorrectable_error:7": 0,
  "monitor/gpu_remap_max:7": 640,
  "monitor/gpu_remap_high:7": 0,
  "monitor/gpu_remap_partial:7": 0,
  "monitor/gpu_remap_low:7": 0,
  "monitor/gpu_remap_none:7": 0
}