{
  "gpt_models/pytorch-vgg16/return_code:0": 0,
  "gpt_models/pytorch-vgg16/return_code:1": 0,
  "gpt_models/pytorch-vgg16/return_code:2": 0,
  "gpt_models/pytorch-vgg16/return_code:3": 0,
  "gpt_models/pytorch-vgg16/return_code:4": 0,
  "gpt_models/pytorch-vgg16/return_code:5": 0,
  "gpt_models/pytorch-vgg16/return_code:6": 0,
  "gpt_models/pytorch-vgg16/return_code:7": 0,
  "gpt_models/pytorch-vgg16/return_code:8": 0,
  "gpt_models/pytorch-vgg16/return_code:9": 0,
  "gpt_models/pytorch-vgg16/return_code:10": 0,
  "gpt_models/pytorch-vgg16/return_code:11": 0,
  "gpt_models/pytorch-vgg16/return_code:12": 0,
  "gpt_models/pytorch-vgg16/return_code:13": 0,
  "gpt_models/pytorch-vgg16/return_code:14": 0,
  "gpt_models/pytorch-vgg16/return_code:15": 0,
  "gpt_models/pytorch-vgg16/fp32_inference_step_time:0": 1019.9404168128967,
  "gpt_models/pytorch-vgg16/fp32_inference_step_time:1": 1015.7432055473328,
  "gpt_models/pytorch-vgg16/fp32_inference_step_time:2": 1024.181468486786,
  "gpt_models/pytorch-vgg16/fp32_inference_step_time:3": 1019.5385909080505,
  "gpt_models/pytorch-vgg16/fp32_inference_step_time:4": 1025.4578733444214,
  "gpt_models/pytorch-vgg16/fp32_inference_step_time:5": 1024.0810060501099,
  "gpt_models/pytorch-vgg16/fp32_inference_step_time:6": 1019.5356512069702,
  "gpt_models/pytorch-vgg16/fp32_inference_step_time:7": 1026.0575437545776,
  "gpt_models/pytorch-vgg16/fp32_inference_step_time:8": 1020.0429081916809,
  "gpt_models/pytorch-vgg16/fp32_inference_step_time:9": 1023.5448384284973,
  "gpt_models/pytorch-vgg16/fp32_inference_step_time:10": 1017.1035671234131,
  "gpt_models/pytorch-vgg16/fp32_inference_step_time:11": 1013.8360691070557,
  "gpt_models/pytorch-vgg16/fp32_inference_step_time:12": 1020.5649948120117,
  "gpt_models/pytorch-vgg16/fp32_inference_step_time:13": 1021.1823177337646,
  "gpt_models/pytorch-vgg16/fp32_inference_step_time:14": 1018.8156700134277,
  "gpt_models/pytorch-vgg16/fp32_inference_step_time:15": 1016.3948726654053,
  "gpt_models/pytorch-vgg16/fp32_inference_throughput:0": 1768.2278734842184,
  "gpt_models/pytorch-vgg16/fp32_inference_throughput:1": 1772.6904689280361,
  "gpt_models/pytorch-vgg16/fp32_inference_throughput:2": 1758.304242742739,
  "gpt_models/pytorch-vgg16/fp32_inference_throughput:3": 1765.9583724857396,
  "gpt_models/pytorch-vgg16/fp32_inference_throughput:4": 1755.689437911261,
  "gpt_models/pytorch-vgg16/fp32_inference_throughput:5": 1758.2901546316148,
  "gpt_models/pytorch-vgg16/fp32_inference_throughput:6": 1765.8817635330354,
  "gpt_models/pytorch-vgg16/fp32_inference_throughput:7": 1754.8925810084843,
  "gpt_models/pytorch-vgg16/fp32_inference_throughput:8": 1765.6661061072125,
  "gpt_models/pytorch-vgg16/fp32_inference_throughput:9": 1759.0584635982236,
  "gpt_models/pytorch-vgg16/fp32_inference_throughput:10": 1771.379871466284,
  "gpt_models/pytorch-vgg16/fp32_inference_throughput:11": 1776.0988743602559,
  "gpt_models/pytorch-vgg16/fp32_inference_throughput:12": 1764.3594864894621,
  "gpt_models/pytorch-vgg16/fp32_inference_throughput:13": 1764.0021446985793,
  "gpt_models/pytorch-vgg16/fp32_inference_throughput:14": 1767.6220878671625,
  "gpt_models/pytorch-vgg16/fp32_inference_throughput:15": 1771.6139946814158,
  "gpt_models/pytorch-vgg16/fp32_inference_step_time_50:0": 1013.7205123901367,
  "gpt_models/pytorch-vgg16/fp32_inference_step_time_50:1": 1014.6529674530029,
  "gpt_models/pytorch-vgg16/fp32_inference_step_time_50:2": 1019.1872119903564,
  "gpt_models/pytorch-vgg16/fp32_inference_step_time_50:3": 1016.4835453033447,
  "gpt_models/pytorch-vgg16/fp32_inference_step_time_50:4": 1025.3794193267822,
  "gpt_models/pytorch-vgg16/fp32_inference_step_time_50:5": 1022.6283073425293,
  "gpt_models/pytorch-vgg16/fp32_inference_step_time_50:6": 1020.3721523284912,
  "gpt_models/pytorch-vgg16/fp32_inference_step_time_50:7": 1026.3738632202148,
  "gpt_models/pytorch-vgg16/fp32_inference_step_time_50:8": 1013.683557510376,
  "gpt_models/pytorch-vgg16/fp32_inference_step_time_50:9": 1020.2794075012207,
  "gpt_models/pytorch-vgg16/fp32_inference_step_time_50:10": 1010.6174945831299,
  "gpt_models/pytorch-vgg16/fp32_inference_step_time_50:11": 1013.9415264129639,
  "gpt_models/pytorch-vgg16/fp32_inference_step_time_50:12": 1017.1594619750977,
  "gpt_models/pytorch-vgg16/fp32_inference_step_time_50:13": 1013.756275177002,
  "gpt_models/pytorch-vgg16/fp32_inference_step_time_50:14": 1016.8795585632324,
  "gpt_models/pytorch-vgg16/fp32_inference_step_time_50:15": 1017.5511837005615,
  "gpt_models/pytorch-vgg16/fp32_inference_step_time_90:0": 1035.4769229888916,
  "gpt_models/pytorch-vgg16/fp32_inference_step_time_90:1": 1027.3990631103516,
  "gpt_models/pytorch-vgg16/fp32_inference_step_time_90:2": 1059.112787246704,
  "gpt_models/pytorch-vgg16/fp32_inference_step_time_90:3": 1030.775547027588,
  "gpt_models/pytorch-vgg16/fp32_inference_step_time_90:4": 1038.0878448486328,
  "gpt_models/pytorch-vgg16/fp32_inference_step_time_90:5": 1039.9386882781982,
  "gpt_models/pytorch-vgg16/fp32_inference_step_time_90:6": 1033.4837436676025,
  "gpt_models/pytorch-vgg16/fp32_inference_step_time_90:7": 1049.0245819091797,
  "gpt_models/pytorch-vgg16/fp32_inference_step_time_90:8": 1073.0299949645996,
  "gpt_models/pytorch-vgg16/fp32_inference_step_time_90:9": 1036.4978313446045,
  "gpt_models/pytorch-vgg16/fp32_inference_step_time_90:10": 1042.5994396209717,
  "gpt_models/pytorch-vgg16/fp32_inference_step_time_90:11": 1025.223970413208,
  "gpt_models/pytorch-vgg16/fp32_inference_step_time_90:12": 1037.1968746185303,
  "gpt_models/pytorch-vgg16/fp32_inference_step_time_90:13": 1055.7529926300049,
  "gpt_models/pytorch-vgg16/fp32_inference_step_time_90:14": 1037.5730991363525,
  "gpt_models/pytorch-vgg16/fp32_inference_step_time_90:15": 1032.3095321655273,
  "gpt_models/pytorch-vgg16/fp32_inference_step_time_95:0": 1064.2759799957275,
  "gpt_models/pytorch-vgg16/fp32_inference_step_time_95:1": 1050.224781036377,
  "gpt_models/pytorch-vgg16/fp32_inference_step_time_95:2": 1072.575569152832,
  "gpt_models/pytorch-vgg16/fp32_inference_step_time_95:3": 1060.0504875183105,
  "gpt_models/pytorch-vgg16/fp32_inference_step_time_95:4": 1044.0216064453125,
  "gpt_models/pytorch-vgg16/fp32_inference_step_time_95:5": 1063.1656646728516,
  "gpt_models/pytorch-vgg16/fp32_inference_step_time_95:6": 1042.9291725158691,
  "gpt_models/pytorch-vgg16/fp32_inference_step_time_95:7": 1060.3413581848145,
  "gpt_models/pytorch-vgg16/fp32_inference_step_time_95:8": 1081.9437503814697,
  "gpt_models/pytorch-vgg16/fp32_inference_step_time_95:9": 1075.463056564331,
  "gpt_models/pytorch-vgg16/fp32_inference_step_time_95:10": 1055.675983428955,
  "gpt_models/pytorch-vgg16/fp32_inference_step_time_95:11": 1040.6475067138672,
  "gpt_models/pytorch-vgg16/fp32_inference_step_time_95:12": 1064.5411014556885,
  "gpt_models/pytorch-vgg16/fp32_inference_step_time_95:13": 1057.1739673614502,
  "gpt_models/pytorch-vgg16/fp32_inference_step_time_95:14": 1072.4542140960693,
  "gpt_models/pytorch-vgg16/fp32_inference_step_time_95:15": 1057.4991703033447,
  "gpt_models/pytorch-vgg16/fp32_inference_step_time_99:0": 1075.6456851959229,
  "gpt_models/pytorch-vgg16/fp32_inference_step_time_99:1": 1086.9922637939453,
  "gpt_models/pytorch-vgg16/fp32_inference_step_time_99:2": 1091.08304977417,
  "gpt_models/pytorch-vgg16/fp32_inference_step_time_99:3": 1081.4416408538818,
  "gpt_models/pytorch-vgg16/fp32_inference_step_time_99:4": 1080.8024406433105,
  "gpt_models/pytorch-vgg16/fp32_inference_step_time_99:5": 1085.890769958496,
  "gpt_models/pytorch-vgg16/fp32_inference_step_time_99:6": 1060.8890056610107,
  "gpt_models/pytorch-vgg16/fp32_inference_step_time_99:7": 1077.4543285369873,
  "gpt_models/pytorch-vgg16/fp32_inference_step_time_99:8": 1085.9477519989014,
  "gpt_models/pytorch-vgg16/fp32_inference_step_time_99:9": 1084.2528343200684,
  "gpt_models/pytorch-vgg16/fp32_inference_step_time_99:10": 1073.1801986694336,
  "gpt_models/pytorch-vgg16/fp32_inference_step_time_99:11": 1093.928337097168,
  "gpt_models/pytorch-vgg16/fp32_inference_step_time_99:12": 1084.5482349395752,
  "gpt_models/pytorch-vgg16/fp32_inference_step_time_99:13": 1084.7113132476807,
  "gpt_models/pytorch-vgg16/fp32_inference_step_time_99:14": 1093.834400177002,
  "gpt_models/pytorch-vgg16/fp32_inference_step_time_99:15": 1081.1169147491455,
  "gpt_models/pytorch-vgg16/fp32_inference_step_time_99.9:0": 1508.6519718170166,
  "gpt_models/pytorch-vgg16/fp32_inference_step_time_99.9:1": 1088.456153869629,
  "gpt_models/pytorch-vgg16/fp32_inference_step_time_99.9:2": 1104.5958995819092,
  "gpt_models/pytorch-vgg16/fp32_inference_step_time_99.9:3": 1082.4713706970215,
  "gpt_models/pytorch-vgg16/fp32_inference_step_time_99.9:4": 1084.0156078338623,
  "gpt_models/pytorch-vgg16/fp32_inference_step_time_99.9:5": 1095.9782600402832,
  "gpt_models/pytorch-vgg16/fp32_inference_step_time_99.9:6": 1076.566219329834,
  "gpt_models/pytorch-vgg16/fp32_inference_step_time_99.9:7": 1089.2634391784668,
  "gpt_models/pytorch-vgg16/fp32_inference_step_time_99.9:8": 1087.3823165893555,
  "gpt_models/pytorch-vgg16/fp32_inference_step_time_99.9:9": 1086.6692066192627,
  "gpt_models/pytorch-vgg16/fp32_inference_step_time_99.9:10": 1303.1554222106934,
  "gpt_models/pytorch-vgg16/fp32_inference_step_time_99.9:11": 1128.1797885894775,
  "gpt_models/pytorch-vgg16/fp32_inference_step_time_99.9:12": 1126.3511180877686,
  "gpt_models/pytorch-vgg16/fp32_inference_step_time_99.9:13": 1241.7881488800049,
  "gpt_models/pytorch-vgg16/fp32_inference_step_time_99.9:14": 1111.4182472229004,
  "gpt_models/pytorch-vgg16/fp32_inference_step_time_99.9:15": 1087.6812934875488,
  "gpt_models/pytorch-vgg16/fp32_inference_throughput_50:0": 1776.3701448766594,
  "gpt_models/pytorch-vgg16/fp32_inference_throughput_50:1": 1774.3382613017968,
  "gpt_models/pytorch-vgg16/fp32_inference_throughput_50:2": 1766.1256059124846,
  "gpt_models/pytorch-vgg16/fp32_inference_throughput_50:3": 1770.8684958278818,
  "gpt_models/pytorch-vgg16/fp32_inference_throughput_50:4": 1755.5881777756488,
  "gpt_models/pytorch-vgg16/fp32_inference_throughput_50:5": 1760.1703249126763,
  "gpt_models/pytorch-vgg16/fp32_inference_throughput_50:6": 1764.439075384269,
  "gpt_models/pytorch-vgg16/fp32_inference_throughput_50:7": 1754.9642045050393,
  "gpt_models/pytorch-vgg16/fp32_inference_throughput_50:8": 1776.1762326958176,
  "gpt_models/pytorch-vgg16/fp32_inference_throughput_50:9": 1764.646518948731,
  "gpt_models/pytorch-vgg16/fp32_inference_throughput_50:10": 1781.1527440343539,
  "gpt_models/pytorch-vgg16/fp32_inference_throughput_50:11": 1775.5613431124962,
  "gpt_models/pytorch-vgg16/fp32_inference_throughput_50:12": 1770.0837852082627,
  "gpt_models/pytorch-vgg16/fp32_inference_throughput_50:13": 1775.6060252210352,
  "gpt_models/pytorch-vgg16/fp32_inference_throughput_50:14": 1770.673291160972,
  "gpt_models/pytorch-vgg16/fp32_inference_throughput_50:15": 1769.8995413579594,
  "gpt_models/pytorch-vgg16/fp32_inference_throughput_90:0": 1815.5706144745984,
  "gpt_models/pytorch-vgg16/fp32_inference_throughput_90:1": 1806.5745242926605,
  "gpt_models/pytorch-vgg16/fp32_inference_throughput_90:2": 1788.1476656786128,
  "gpt_models/pytorch-vgg16/fp32_inference_throughput_90:3": 1787.0691865107026,
  "gpt_models/pytorch-vgg16/fp32_inference_throughput_90:4": 1784.556662280371,
  "gpt_models/pytorch-vgg16/fp32_inference_throughput_90:5": 1802.5635460739925,
  "gpt_models/pytorch-vgg16/fp32_inference_throughput_90:6": 1805.9880915616388,
  "gpt_models/pytorch-vgg16/fp32_inference_throughput_90:7": 1793.8485803292097,
  "gpt_models/pytorch-vgg16/fp32_inference_throughput_90:8": 1798.6204714639903,
  "gpt_models/pytorch-vgg16/fp32_inference_throughput_90:9": 1782.8200292722875,
  "gpt_models/pytorch-vgg16/fp32_inference_throughput_90:10": 1799.957943945287,
  "gpt_models/pytorch-vgg16/fp32_inference_throughput_90:11": 1814.9181168067526,
  "gpt_models/pytorch-vgg16/fp32_inference_throughput_90:12": 1789.9880600242213,
  "gpt_models/pytorch-vgg16/fp32_inference_throughput_90:13": 1795.7759082054245,
  "gpt_models/pytorch-vgg16/fp32_inference_throughput_90:14": 1812.298018023727,
  "gpt_models/pytorch-vgg16/fp32_inference_throughput_90:15": 1818.0193665278666,
  "gpt_models/pytorch-vgg16/fp32_inference_throughput_95:0": 1825.8305388726292,
  "gpt_models/pytorch-vgg16/fp32_inference_throughput_95:1": 1819.496789866389,
  "gpt_models/pytorch-vgg16/fp32_inference_throughput_95:2": 1813.9395954707172,
  "gpt_models/pytorch-vgg16/fp32_inference_throughput_95:3": 1797.5764049125241,
  "gpt_models/pytorch-vgg16/fp32_inference_throughput_95:4": 1791.7795149787103,
  "gpt_models/pytorch-vgg16/fp32_inference_throughput_95:5": 1809.0523698660731,
  "gpt_models/pytorch-vgg16/fp32_inference_throughput_95:6": 1813.7474165245849,
  "gpt_models/pytorch-vgg16/fp32_inference_throughput_95:7": 1803.513457408066,
  "gpt_models/pytorch-vgg16/fp32_inference_throughput_95:8": 1814.9931628961624,
  "gpt_models/pytorch-vgg16/fp32_inference_throughput_95:9": 1786.825566140912,
  "gpt_models/pytorch-vgg16/fp32_inference_throughput_95:10": 1824.6929096101455,
  "gpt_models/pytorch-vgg16/fp32_inference_throughput_95:11": 1819.1434270340028,
  "gpt_models/pytorch-vgg16/fp32_inference_throughput_95:12": 1792.84751000763,
  "gpt_models/pytorch-vgg16/fp32_inference_throughput_95:13": 1815.4121388050485,
  "gpt_models/pytorch-vgg16/fp32_inference_throughput_95:14": 1822.8627968528851,
  "gpt_models/pytorch-vgg16/fp32_inference_throughput_95:15": 1827.5361059396428,
  "gpt_models/pytorch-vgg16/fp32_inference_throughput_99:0": 1832.7707469312809,
  "gpt_models/pytorch-vgg16/fp32_inference_throughput_99:1": 1832.6964479697049,
  "gpt_models/pytorch-vgg16/fp32_inference_throughput_99:2": 1826.9828509533784,
  "gpt_models/pytorch-vgg16/fp32_inference_throughput_99:3": 1821.0903800031308,
  "gpt_models/pytorch-vgg16/fp32_inference_throughput_99:4": 1814.1727924081895,
  "gpt_models/pytorch-vgg16/fp32_inference_throughput_99:5": 1814.8330429903874,
  "gpt_models/pytorch-vgg16/fp32_inference_throughput_99:6": 1816.719188854644,
  "gpt_models/pytorch-vgg16/fp32_inference_throughput_99:7": 1821.5600797170334,
  "gpt_models/pytorch-vgg16/fp32_inference_throughput_99:8": 1841.842450596106,
  "gpt_models/pytorch-vgg16/fp32_inference_throughput_99:9": 1809.0116235883845,
  "gpt_models/pytorch-vgg16/fp32_inference_throughput_99:10": 1838.5605074694324,
  "gpt_models/pytorch-vgg16/fp32_inference_throughput_99:11": 1834.7875706599139,
  "gpt_models/pytorch-vgg16/fp32_inference_throughput_99:12": 1818.95715573999,
  "gpt_models/pytorch-vgg16/fp32_inference_throughput_99:13": 1827.739625293568,
  "gpt_models/pytorch-vgg16/fp32_inference_throughput_99:14": 1830.1086466438805,
  "gpt_models/pytorch-vgg16/fp32_inference_throughput_99:15": 1836.0016721549957,
  "gpt_models/pytorch-vgg16/fp32_inference_throughput_99.9:0": 1845.9603777621564,
  "gpt_models/pytorch-vgg16/fp32_inference_throughput_99.9:1": 1833.124528197434,
  "gpt_models/pytorch-vgg16/fp32_inference_throughput_99.9:2": 1832.2347727091264,
  "gpt_models/pytorch-vgg16/fp32_inference_throughput_99.9:3": 1835.883359385107,
  "gpt_models/pytorch-vgg16/fp32_inference_throughput_99.9:4": 1823.3166782066753,
  "gpt_models/pytorch-vgg16/fp32_inference_throughput_99.9:5": 1830.2541689979955,
  "gpt_models/pytorch-vgg16/fp32_inference_throughput_99.9:6": 1821.9038301803284,
  "gpt_models/pytorch-vgg16/fp32_inference_throughput_99.9:7": 1829.9653652308996,
  "gpt_models/pytorch-vgg16/fp32_inference_throughput_99.9:8": 1849.3462770678038,
  "gpt_models/pytorch-vgg16/fp32_inference_throughput_99.9:9": 1818.470400813931,
  "gpt_models/pytorch-vgg16/fp32_inference_throughput_99.9:10": 1839.95985584955,
  "gpt_models/pytorch-vgg16/fp32_inference_throughput_99.9:11": 1838.5193165446954,
  "gpt_models/pytorch-vgg16/fp32_inference_throughput_99.9:12": 1838.3894876638717,
  "gpt_models/pytorch-vgg16/fp32_inference_throughput_99.9:13": 1831.9551231187859,
  "gpt_models/pytorch-vgg16/fp32_inference_throughput_99.9:14": 1842.3179722793848,
  "gpt_models/pytorch-vgg16/fp32_inference_throughput_99.9:15": 1836.5782744246333,
  "monitor/gpu_temperature:0": 48,
  "monitor/gpu_temperature:1": 45,
  "monitor/gpu_temperature:2": 44,
  "monitor/gpu_temperature:3": 44,
  "monitor/gpu_temperature:4": 41,
  "monitor/gpu_temperature:5": 44,
  "monitor/gpu_temperature:6": 42,
  "monitor/gpu_temperature:7": 46,
  "monitor/gpu_power_limit:0": 500,
  "monitor/gpu_power_limit:1": 500,
  "monitor/gpu_power_limit:2": 500,
  "monitor/gpu_power_limit:3": 500,
  "monitor/gpu_power_limit:4": 500,
  "monitor/gpu_power_limit:5": 500,
  "monitor/gpu_power_limit:6": 500,
  "monitor/gpu_power_limit:7": 500,
  "monitor/gpu_corrected_ecc:0": 0,
  "monitor/gpu_corrected_ecc:1": 0,
  "monitor/gpu_corrected_ecc:2": 0,
  "monitor/gpu_corrected_ecc:3": 0,
  "monitor/gpu_corrected_ecc:4": 0,
  "monitor/gpu_corrected_ecc:5": 0,
  "monitor/gpu_corrected_ecc:6": 0,
  "monitor/gpu_corrected_ecc:7": 0,
  "monitor/gpu_uncorrected_ecc:0": 0,
  "monitor/gpu_uncorrected_ecc:1": 0,
  "monitor/gpu_uncorrected_ecc:2": 0,
  "monitor/gpu_uncorrected_ecc:3": 0,
  "monitor/gpu_uncorrected_ecc:4": 0,
  "monitor/gpu_uncorrected_ecc:5": 0,
  "monitor/gpu_uncorrected_ecc:6": 0,
  "monitor/gpu_uncorrected_ecc:7": 0,
  "monitor/gpu_remap_correctable_error:0": 0,
  "monitor/gpu_remap_uncorrectable_error:0": 0,
  "monitor/gpu_remap_max:0": 640,
  "monitor/gpu_remap_high:0": 0,
  "monitor/gpu_remap_partial:0": 0,
  "monitor/gpu_remap_low:0": 0,
  "monitor/gpu_remap_none:0": 0,
  "monitor/gpu_remap_correctable_error:1": 0,
  "monitor/gpu_remap_uncorrectable_error:1": 0,
  "monitor/gpu_remap_max:1": 640,
  "monitor/gpu_remap_high:1": 0,
  "monitor/gpu_remap_partial:1": 0,
  "monitor/gpu_remap_low:1": 0,
  "monitor/gpu_remap_none:1": 0,
  "monitor/gpu_remap_correctable_error:2": 0,
  "monitor/gpu_remap_uncorrectable_error:2": 0,
  "monitor/gpu_remap_max:2": 640,
  "monitor/gpu_remap_high:2": 0,
  "monitor/gpu_remap_partial:2": 0,
  "monitor/gpu_remap_low:2": 0,
  "monitor/gpu_remap_none:2": 0,
  "monitor/gpu_remap_correctable_error:3": 0,
  "monitor/gpu_remap_uncorrectable_error:3": 0,
  "monitor/gpu_remap_max:3": 640,
  "monitor/gpu_remap_high:3": 0,
  "monitor/gpu_remap_partial:3": 0,
  "monitor/gpu_remap_low:3": 0,
  "monitor/gpu_remap_none:3": 0,
  "monitor/gpu_remap_correctable_error:4": 0,
  "monitor/gpu_remap_uncorrectable_error:4": 0,
  "monitor/gpu_remap_max:4": 640,
  "monitor/gpu_remap_high:4": 0,
  "monitor/gpu_remap_partial:4": 0,
  "monitor/gpu_remap_low:4": 0,
  "monitor/gpu_remap_none:4": 0,
  "monitor/gpu_remap_correctable_error:5": 0,
  "monitor/gpu_remap_uncorrectable_error:5": 0,
  "monitor/gpu_remap_max:5": 640,
  "monitor/gpu_remap_high:5": 0,
  "monitor/gpu_remap_partial:5": 0,
  "monitor/gpu_remap_low:5": 0,
  "monitor/gpu_remap_none:5": 0,
  "monitor/gpu_remap_correctable_error:6": 0,
  "monitor/gpu_remap_uncorrectable_error:6": 0,
  "monitor/gpu_remap_max:6": 640,
  "monitor/gpu_remap_high:6": 0,
  "monitor/gpu_remap_partial:6": 0,
  "monitor/gpu_remap_low:6": 0,
  "monitor/gpu_remap_none:6": 0,
  "monitor/gpu_remap_correctable_error:7": 0,
  "monitor/gpu_remap_uncorrectable_error:7": 0,
  "monitor/gpu_remap_max:7": 640,
  "monitor/gpu_remap_high:7": 0,
  "monitor/gpu_remap_partial:7": 0,
  "monitor/gpu_remap_low:7": 0,
  "monitor/gpu_remap_none:7": 0
}