{
  "gpt_models/pytorch-vgg16/return_code:0": 0,
  "gpt_models/pytorch-vgg16/return_code:1": 0,
  "gpt_models/pytorch-vgg16/return_code:2": 0,
  "gpt_models/pytorch-vgg16/return_code:3": 0,
  "gpt_models/pytorch-vgg16/return_code:4": 0,
  "gpt_models/pytorch-vgg16/return_code:5": 0,
  "gpt_models/pytorch-vgg16/return_code:6": 0,
  "gpt_models/pytorch-vgg16/return_code:7": 0,
  "gpt_models/pytorch-vgg16/fp32_inference_step_time:0": 1139.219057559967,
  "gpt_models/pytorch-vgg16/fp32_inference_step_time:1": 1127.6373481750488,
  "gpt_models/pytorch-vgg16/fp32_inference_step_time:2": 1124.7605633735657,
  "gpt_models/pytorch-vgg16/fp32_inference_step_time:3": 1131.3145351409912,
  "gpt_models/pytorch-vgg16/fp32_inference_step_time:4": 1125.8448600769043,
  "gpt_models/pytorch-vgg16/fp32_inference_step_time:5": 1135.8736157417297,
  "gpt_models/pytorch-vgg16/fp32_inference_step_time:6": 1127.1707010269165,
  "gpt_models/pytorch-vgg16/fp32_inference_step_time:7": 1120.2387976646423,
  "gpt_models/pytorch-vgg16/fp32_inference_throughput:0": 1756.2501820562327,
  "gpt_models/pytorch-vgg16/fp32_inference_throughput:1": 1774.1954812918716,
  "gpt_models/pytorch-vgg16/fp32_inference_throughput:2": 1778.5438894152646,
  "gpt_models/pytorch-vgg16/fp32_inference_throughput:3": 1768.4431484213164,
  "gpt_models/pytorch-vgg16/fp32_inference_throughput:4": 1777.086673330749,
  "gpt_models/pytorch-vgg16/fp32_inference_throughput:5": 1761.5402434808823,
  "gpt_models/pytorch-vgg16/fp32_inference_throughput:6": 1774.9486767165324,
  "gpt_models/pytorch-vgg16/fp32_inference_throughput:7": 1785.9344946036003,
  "gpt_models/pytorch-vgg16/fp32_inference_step_time_50:0": 1136.2240314483643,
  "gpt_models/pytorch-vgg16/fp32_inference_step_time_50:1": 1127.1553039550781,
  "gpt_models/pytorch-vgg16/fp32_inference_step_time_50:2": 1125.5812644958496,
  "gpt_models/pytorch-vgg16/fp32_inference_step_time_50:3": 1129.533290863037,
  "gpt_models/pytorch-vgg16/fp32_inference_step_time_50:4": 1122.7631568908691,
  "gpt_models/pytorch-vgg16/fp32_inference_step_time_50:5": 1134.4680786132812,
  "gpt_models/pytorch-vgg16/fp32_inference_step_time_50:6": 1125.497579574585,
  "gpt_models/pytorch-vgg16/fp32_inference_step_time_50:7": 1119.3177700042725,
  "gpt_models/pytorch-vgg16/fp32_inference_step_time_90:0": 1154.6359062194824,
  "gpt_models/pytorch-vgg16/fp32_inference_step_time_90:1": 1149.383306503296,
  "gpt_models/pytorch-vgg16/fp32_inference_step_time_90:2": 1141.7772769927979,
  "gpt_models/pytorch-vgg16/fp32_inference_step_time_90:3": 1154.907464981079,
  "gpt_models/pytorch-vgg16/fp32_inference_step_time_90:4": 1141.5135860443115,
  "gpt_models/pytorch-vgg16/fp32_inference_step_time_90:5": 1158.9710712432861,
  "gpt_models/pytorch-vgg16/fp32_inference_step_time_90:6": 1137.3889446258545,
  "gpt_models/pytorch-vgg16/fp32_inference_step_time_90:7": 1129.014492034912,
  "gpt_models/pytorch-vgg16/fp32_inference_step_time_95:0": 1200.0305652618408,
  "gpt_models/pytorch-vgg16/fp32_inference_step_time_95:1": 1172.1224784851074,
  "gpt_models/pytorch-vgg16/fp32_inference_step_time_95:2": 1156.1269760131836,
  "gpt_models/pytorch-vgg16/fp32_inference_step_time_95:3": 1177.4606704711914,
  "gpt_models/pytorch-vgg16/fp32_inference_step_time_95:4": 1175.3687858581543,
  "gpt_models/pytorch-vgg16/fp32_inference_step_time_95:5": 1192.8603649139404,
  "gpt_models/pytorch-vgg16/fp32_inference_step_time_95:6": 1148.1425762176514,
  "gpt_models/pytorch-vgg16/fp32_inference_step_time_95:7": 1173.7728118896484,
  "gpt_models/pytorch-vgg16/fp32_inference_step_time_99:0": 1217.6496982574463,
  "gpt_models/pytorch-vgg16/fp32_inference_step_time_99:1": 1180.6657314300537,
  "gpt_models/pytorch-vgg16/fp32_inference_step_time_99:2": 1171.3488101959229,
  "gpt_models/pytorch-vgg16/fp32_inference_step_time_99:3": 1199.5539665222168,
  "gpt_models/pytorch-vgg16/fp32_inference_step_time_99:4": 1197.542667388916,
  "gpt_models/pytorch-vgg16/fp32_inference_step_time_99:5": 1213.9861583709717,
  "gpt_models/pytorch-vgg16/fp32_inference_step_time_99:6": 1198.639154434204,
  "gpt_models/pytorch-vgg16/fp32_inference_step_time_99:7": 1188.6987686157227,
  "gpt_models/pytorch-vgg16/fp32_inference_step_time_99.9:0": 1223.895788192749,
  "gpt_models/pytorch-vgg16/fp32_inference_step_time_99.9:1": 1204.2429447174072,
  "gpt_models/pytorch-vgg16/fp32_inference_step_time_99.9:2": 1175.7872104644775,
  "gpt_models/pytorch-vgg16/fp32_inference_step_time_99.9:3": 1206.5479755401611,
  "gpt_models/pytorch-vgg16/fp32_inference_step_time_99.9:4": 1214.0483856201172,
  "gpt_models/pytorch-vgg16/fp32_inference_step_time_99.9:5": 1236.8168830871582,
  "gpt_models/pytorch-vgg16/fp32_inference_step_time_99.9:6": 1275.7081985473633,
  "gpt_models/pytorch-vgg16/fp32_inference_step_time_99.9:7": 1190.3126239776611,
  "gpt_models/pytorch-vgg16/fp32_inference_throughput_50:0": 1760.691363393749,
  "gpt_models/pytorch-vgg16/fp32_inference_throughput_50:1": 1775.2829866442282,
  "gpt_models/pytorch-vgg16/fp32_inference_throughput_50:2": 1776.9003597178687,
  "gpt_models/pytorch-vgg16/fp32_inference_throughput_50:3": 1770.7156926008743,
  "gpt_models/pytorch-vgg16/fp32_inference_throughput_50:4": 1781.6127864141695,
  "gpt_models/pytorch-vgg16/fp32_inference_throughput_50:5": 1763.4395763006528,
  "gpt_models/pytorch-vgg16/fp32_inference_throughput_50:6": 1777.1085268969437,
  "gpt_models/pytorch-vgg16/fp32_inference_throughput_50:7": 1786.898222348327,
  "gpt_models/pytorch-vgg16/fp32_inference_throughput_90:0": 1784.0305534560005,
  "gpt_models/pytorch-vgg16/fp32_inference_throughput_90:1": 1825.8804805365628,
  "gpt_models/pytorch-vgg16/fp32_inference_throughput_90:2": 1817.695810675177,
  "gpt_models/pytorch-vgg16/fp32_inference_throughput_90:3": 1802.3269129911753,
  "gpt_models/pytorch-vgg16/fp32_inference_throughput_90:4": 1810.0148622779504,
  "gpt_models/pytorch-vgg16/fp32_inference_throughput_90:5": 1792.6436842525914,
  "gpt_models/pytorch-vgg16/fp32_inference_throughput_90:6": 1792.0091328590452,
  "gpt_models/pytorch-vgg16/fp32_inference_throughput_90:7": 1827.5778679542154,
  "gpt_models/pytorch-vgg16/fp32_inference_throughput_95:0": 1804.5974316252784,
  "gpt_models/pytorch-vgg16/fp32_inference_throughput_95:1": 1829.650668489496,
  "gpt_models/pytorch-vgg16/fp32_inference_throughput_95:2": 1828.972505044136,
  "gpt_models/pytorch-vgg16/fp32_inference_throughput_95:3": 1820.6068292983598,
  "gpt_models/pytorch-vgg16/fp32_inference_throughput_95:4": 1831.4462376965448,
  "gpt_models/pytorch-vgg16/fp32_inference_throughput_95:5": 1803.5801093378816,
  "gpt_models/pytorch-vgg16/fp32_inference_throughput_95:6": 1814.8910668310941,
  "gpt_models/pytorch-vgg16/fp32_inference_throughput_95:7": 1835.406512639057,
  "gpt_models/pytorch-vgg16/fp32_inference_throughput_99:0": 1826.9426192555554,
  "gpt_models/pytorch-vgg16/fp32_inference_throughput_99:1": 1834.9668852732268,
  "gpt_models/pytorch-vgg16/fp32_inference_throughput_99:2": 1833.3879725527531,
  "gpt_models/pytorch-vgg16/fp32_inference_throughput_99:3": 1829.5920074347416,
  "gpt_models/pytorch-vgg16/fp32_inference_throughput_99:4": 1839.6526054264064,
  "gpt_models/pytorch-vgg16/fp32_inference_throughput_99:5": 1821.1657177593122,
  "gpt_models/pytorch-vgg16/fp32_inference_throughput_99:6": 1843.029555762763,
  "gpt_models/pytorch-vgg16/fp32_inference_throughput_99:7": 1842.460002209562,
  "gpt_models/pytorch-vgg16/fp32_inference_throughput_99.9:0": 1832.7530836981787,
  "gpt_models/pytorch-vgg16/fp32_inference_throughput_99.9:1": 1838.960155243638,
  "gpt_models/pytorch-vgg16/fp32_inference_throughput_99.9:2": 1838.117175201854,
  "gpt_models/pytorch-vgg16/fp32_inference_throughput_99.9:3": 1839.042399263384,
  "gpt_models/pytorch-vgg16/fp32_inference_throughput_99.9:4": 1845.8586493378011,
  "gpt_models/pytorch-vgg16/fp32_inference_throughput_99.9:5": 1822.612356407437,
  "gpt_models/pytorch-vgg16/fp32_inference_throughput_99.9:6": 1845.4038519243343,
  "gpt_models/pytorch-vgg16/fp32_inference_throughput_99.9:7": 1843.5719100266735,
  "monitor/gpu_temperature:0": 49,
  "monitor/gpu_temperature:1": 45,
  "monitor/gpu_temperature:2": 46,
  "monitor/gpu_temperature:3": 45,
  "monitor/gpu_temperature:4": 44,
  "monitor/gpu_temperature:5": 46,
  "monitor/gpu_temperature:6": 42,
  "monitor/gpu_temperature:7": 44,
  "monitor/gpu_power_limit:0": 500,
  "monitor/gpu_power_limit:1": 500,
  "monitor/gpu_power_limit:2": 500,
  "monitor/gpu_power_limit:3": 500,
  "monitor/gpu_power_limit:4": 500,
  "monitor/gpu_power_limit:5": 500,
  "monitor/gpu_power_limit:6": 500,
  "monitor/gpu_power_limit:7": 500,
  "monitor/gpu_corrected_ecc:0": 0,
  "monitor/gpu_corrected_ecc:1": 0,
  "monitor/gpu_corrected_ecc:2": 0,
  "monitor/gpu_corrected_ecc:3": 0,
  "monitor/gpu_corrected_ecc:4": 0,
  "monitor/gpu_corrected_ecc:5": 0,
  "monitor/gpu_corrected_ecc:6": 0,
  "monitor/gpu_corrected_ecc:7": 0,
  "monitor/gpu_uncorrected_ecc:0": 0,
  "monitor/gpu_uncorrected_ecc:1": 0,
  "monitor/gpu_uncorrected_ecc:2": 0,
  "monitor/gpu_uncorrected_ecc:3": 0,
  "monitor/gpu_uncorrected_ecc:4": 0,
  "monitor/gpu_uncorrected_ecc:5": 0,
  "monitor/gpu_uncorrected_ecc:6": 0,
  "monitor/gpu_uncorrected_ecc:7": 0,
  "monitor/gpu_remap_correctable_error:0": 0,
  "monitor/gpu_remap_uncorrectable_error:0": 0,
  "monitor/gpu_remap_max:0": 640,
  "monitor/gpu_remap_high:0": 0,
  "monitor/gpu_remap_partial:0": 0,
  "monitor/gpu_remap_low:0": 0,
  "monitor/gpu_remap_none:0": 0,
  "monitor/gpu_remap_correctable_error:1": 0,
  "monitor/gpu_remap_uncorrectable_error:1": 0,
  "monitor/gpu_remap_max:1": 640,
  "monitor/gpu_remap_high:1": 0,
  "monitor/gpu_remap_partial:1": 0,
  "monitor/gpu_remap_low:1": 0,
  "monitor/gpu_remap_none:1": 0,
  "monitor/gpu_remap_correctable_error:2": 0,
  "monitor/gpu_remap_uncorrectable_error:2": 0,
  "monitor/gpu_remap_max:2": 640,
  "monitor/gpu_remap_high:2": 0,
  "monitor/gpu_remap_partial:2": 0,
  "monitor/gpu_remap_low:2": 0,
  "monitor/gpu_remap_none:2": 0,
  "monitor/gpu_remap_correctable_error:3": 0,
  "monitor/gpu_remap_uncorrectable_error:3": 0,
  "monitor/gpu_remap_max:3": 640,
  "monitor/gpu_remap_high:3": 0,
  "monitor/gpu_remap_partial:3": 0,
  "monitor/gpu_remap_low:3": 0,
  "monitor/gpu_remap_none:3": 0,
  "monitor/gpu_remap_correctable_error:4": 0,
  "monitor/gpu_remap_uncorrectable_error:4": 0,
  "monitor/gpu_remap_max:4": 640,
  "monitor/gpu_remap_high:4": 0,
  "monitor/gpu_remap_partial:4": 0,
  "monitor/gpu_remap_low:4": 0,
  "monitor/gpu_remap_none:4": 0,
  "monitor/gpu_remap_correctable_error:5": 0,
  "monitor/gpu_remap_uncorrectable_error:5": 0,
  "monitor/gpu_remap_max:5": 640,
  "monitor/gpu_remap_high:5": 0,
  "monitor/gpu_remap_partial:5": 0,
  "monitor/gpu_remap_low:5": 0,
  "monitor/gpu_remap_none:5": 0,
  "monitor/gpu_remap_correctable_error:6": 0,
  "monitor/gpu_remap_uncorrectable_error:6": 0,
  "monitor/gpu_remap_max:6": 640,
  "monitor/gpu_remap_high:6": 0,
  "monitor/gpu_remap_partial:6": 0,
  "monitor/gpu_remap_low:6": 0,
  "monitor/gpu_remap_none:6": 0,
  "monitor/gpu_remap_correctable_error:7": 0,
  "monitor/gpu_remap_uncorrectable_error:7": 0,
  "monitor/gpu_remap_max:7": 640,
  "monitor/gpu_remap_high:7": 0,
  "monitor/gpu_remap_partial:7": 0,
  "monitor/gpu_remap_low:7": 0,
  "monitor/gpu_remap_none:7": 0
}