{
  "gpt_models/pytorch-resnet50/return_code:0": 0,
  "gpt_models/pytorch-resnet50/return_code:1": 0,
  "gpt_models/pytorch-resnet50/return_code:2": 0,
  "gpt_models/pytorch-resnet50/return_code:3": 0,
  "gpt_models/pytorch-resnet50/return_code:4": 0,
  "gpt_models/pytorch-resnet50/return_code:5": 0,
  "gpt_models/pytorch-resnet50/return_code:6": 0,
  "gpt_models/pytorch-resnet50/return_code:7": 0,
  "gpt_models/pytorch-resnet50/return_code:8": 0,
  "gpt_models/pytorch-resnet50/return_code:9": 0,
  "gpt_models/pytorch-resnet50/return_code:10": 0,
  "gpt_models/pytorch-resnet50/return_code:11": 0,
  "gpt_models/pytorch-resnet50/return_code:12": 0,
  "gpt_models/pytorch-resnet50/return_code:13": 0,
  "gpt_models/pytorch-resnet50/return_code:14": 0,
  "gpt_models/pytorch-resnet50/return_code:15": 0,
  "gpt_models/pytorch-resnet50/fp32_inference_step_time:0": 2142.148222923279,
  "gpt_models/pytorch-resnet50/fp32_inference_step_time:1": 2133.373279571533,
  "gpt_models/pytorch-resnet50/fp32_inference_step_time:2": 2126.70601606369,
  "gpt_models/pytorch-resnet50/fp32_inference_step_time:3": 2129.896059036255,
  "gpt_models/pytorch-resnet50/fp32_inference_step_time:4": 2132.190294265747,
  "gpt_models/pytorch-resnet50/fp32_inference_step_time:5": 2136.3011598587036,
  "gpt_models/pytorch-resnet50/fp32_inference_step_time:6": 2116.090352535248,
  "gpt_models/pytorch-resnet50/fp32_inference_step_time:7": 2139.872941970825,
  "gpt_models/pytorch-resnet50/fp32_inference_step_time:8": 2121.0927200317383,
  "gpt_models/pytorch-resnet50/fp32_inference_step_time:9": 2131.780083179474,
  "gpt_models/pytorch-resnet50/fp32_inference_step_time:10": 2122.2169184684753,
  "gpt_models/pytorch-resnet50/fp32_inference_step_time:11": 2149.3574810028076,
  "gpt_models/pytorch-resnet50/fp32_inference_step_time:12": 2133.83141040802,
  "gpt_models/pytorch-resnet50/fp32_inference_step_time:13": 2143.884575366974,
  "gpt_models/pytorch-resnet50/fp32_inference_step_time:14": 2127.2242975234985,
  "gpt_models/pytorch-resnet50/fp32_inference_step_time:15": 2137.243936061859,
  "gpt_models/pytorch-resnet50/fp32_inference_throughput:0": 2569.554164202462,
  "gpt_models/pytorch-resnet50/fp32_inference_throughput:1": 2579.736729343151,
  "gpt_models/pytorch-resnet50/fp32_inference_throughput:2": 2587.6537094755854,
  "gpt_models/pytorch-resnet50/fp32_inference_throughput:3": 2584.1568174594104,
  "gpt_models/pytorch-resnet50/fp32_inference_throughput:4": 2581.025078891018,
  "gpt_models/pytorch-resnet50/fp32_inference_throughput:5": 2575.8410966089455,
  "gpt_models/pytorch-resnet50/fp32_inference_throughput:6": 2600.4830712313806,
  "gpt_models/pytorch-resnet50/fp32_inference_throughput:7": 2572.7041978774428,
  "gpt_models/pytorch-resnet50/fp32_inference_throughput:8": 2595.219736451738,
  "gpt_models/pytorch-resnet50/fp32_inference_throughput:9": 2582.196246076408,
  "gpt_models/pytorch-resnet50/fp32_inference_throughput:10": 2593.4508684093767,
  "gpt_models/pytorch-resnet50/fp32_inference_throughput:11": 2561.0351007938525,
  "gpt_models/pytorch-resnet50/fp32_inference_throughput:12": 2579.5020975253688,
  "gpt_models/pytorch-resnet50/fp32_inference_throughput:13": 2568.28346119036,
  "gpt_models/pytorch-resnet50/fp32_inference_throughput:14": 2587.145294443403,
  "gpt_models/pytorch-resnet50/fp32_inference_throughput:15": 2575.0888902019287,
  "gpt_models/pytorch-resnet50/fp32_inference_step_time_50:0": 2130.8224201202393,
  "gpt_models/pytorch-resnet50/fp32_inference_step_time_50:1": 2111.8266582489014,
  "gpt_models/pytorch-resnet50/fp32_inference_step_time_50:2": 2119.445323944092,
  "gpt_models/pytorch-resnet50/fp32_inference_step_time_50:3": 2120.530843734741,
  "gpt_models/pytorch-resnet50/fp32_inference_step_time_50:4": 2120.323419570923,
  "gpt_models/pytorch-resnet50/fp32_inference_step_time_50:5": 2121.1485862731934,
  "gpt_models/pytorch-resnet50/fp32_inference_step_time_50:6": 2101.9718647003174,
  "gpt_models/pytorch-resnet50/fp32_inference_step_time_50:7": 2125.788450241089,
  "gpt_models/pytorch-resnet50/fp32_inference_step_time_50:8": 2101.518154144287,
  "gpt_models/pytorch-resnet50/fp32_inference_step_time_50:9": 2106.6248416900635,
  "gpt_models/pytorch-resnet50/fp32_inference_step_time_50:10": 2105.172634124756,
  "gpt_models/pytorch-resnet50/fp32_inference_step_time_50:11": 2136.340379714966,
  "gpt_models/pytorch-resnet50/fp32_inference_step_time_50:12": 2123.192071914673,
  "gpt_models/pytorch-resnet50/fp32_inference_step_time_50:13": 2120.704174041748,
  "gpt_models/pytorch-resnet50/fp32_inference_step_time_50:14": 2108.168363571167,
  "gpt_models/pytorch-resnet50/fp32_inference_step_time_50:15": 2131.6802501678467,
  "gpt_models/pytorch-resnet50/fp32_inference_step_time_90:0": 2211.641311645508,
  "gpt_models/pytorch-resnet50/fp32_inference_step_time_90:1": 2189.714193344116,
  "gpt_models/pytorch-resnet50/fp32_inference_step_time_90:2": 2179.880380630493,
  "gpt_models/pytorch-resnet50/fp32_inference_step_time_90:3": 2188.6327266693115,
  "gpt_models/pytorch-resnet50/fp32_inference_step_time_90:4": 2192.6400661468506,
  "gpt_models/pytorch-resnet50/fp32_inference_step_time_90:5": 2203.082799911499,
  "gpt_models/pytorch-resnet50/fp32_inference_step_time_90:6": 2182.767152786255,
  "gpt_models/pytorch-resnet50/fp32_inference_step_time_90:7": 2212.4526500701904,
  "gpt_models/pytorch-resnet50/fp32_inference_step_time_90:8": 2195.507049560547,
  "gpt_models/pytorch-resnet50/fp32_inference_step_time_90:9": 2216.831922531128,
  "gpt_models/pytorch-resnet50/fp32_inference_step_time_90:10": 2201.0881900787354,
  "gpt_models/pytorch-resnet50/fp32_inference_step_time_90:11": 2241.405248641968,
  "gpt_models/pytorch-resnet50/fp32_inference_step_time_90:12": 2203.223705291748,
  "gpt_models/pytorch-resnet50/fp32_inference_step_time_90:13": 2264.382839202881,
  "gpt_models/pytorch-resnet50/fp32_inference_step_time_90:14": 2199.4760036468506,
  "gpt_models/pytorch-resnet50/fp32_inference_step_time_90:15": 2205.5444717407227,
  "gpt_models/pytorch-resnet50/fp32_inference_step_time_95:0": 2269.882917404175,
  "gpt_models/pytorch-resnet50/fp32_inference_step_time_95:1": 2234.9414825439453,
  "gpt_models/pytorch-resnet50/fp32_inference_step_time_95:2": 2224.2484092712402,
  "gpt_models/pytorch-resnet50/fp32_inference_step_time_95:3": 2207.9384326934814,
  "gpt_models/pytorch-resnet50/fp32_inference_step_time_95:4": 2245.229721069336,
  "gpt_models/pytorch-resnet50/fp32_inference_step_time_95:5": 2225.614070892334,
  "gpt_models/pytorch-resnet50/fp32_inference_step_time_95:6": 2190.0229454040527,
  "gpt_models/pytorch-resnet50/fp32_inference_step_time_95:7": 2275.223731994629,
  "gpt_models/pytorch-resnet50/fp32_inference_step_time_95:8": 2258.864641189575,
  "gpt_models/pytorch-resnet50/fp32_inference_step_time_95:9": 2282.0448875427246,
  "gpt_models/pytorch-resnet50/fp32_inference_step_time_95:10": 2217.9667949676514,
  "gpt_models/pytorch-resnet50/fp32_inference_step_time_95:11": 2271.89302444458,
  "gpt_models/pytorch-resnet50/fp32_inference_step_time_95:12": 2221.571207046509,
  "gpt_models/pytorch-resnet50/fp32_inference_step_time_95:13": 2279.113292694092,
  "gpt_models/pytorch-resnet50/fp32_inference_step_time_95:14": 2215.9624099731445,
  "gpt_models/pytorch-resnet50/fp32_inference_step_time_95:15": 2220.6778526306152,
  "gpt_models/pytorch-resnet50/fp32_inference_step_time_99:0": 2326.223373413086,
  "gpt_models/pytorch-resnet50/fp32_inference_step_time_99:1": 2334.4621658325195,
  "gpt_models/pytorch-resnet50/fp32_inference_step_time_99:2": 2321.5959072113037,
  "gpt_models/pytorch-resnet50/fp32_inference_step_time_99:3": 2317.652463912964,
  "gpt_models/pytorch-resnet50/fp32_inference_step_time_99:4": 2296.7820167541504,
  "gpt_models/pytorch-resnet50/fp32_inference_step_time_99:5": 2245.368719100952,
  "gpt_models/pytorch-resnet50/fp32_inference_step_time_99:6": 2245.1066970825195,
  "gpt_models/pytorch-resnet50/fp32_inference_step_time_99:7": 2377.4056434631348,
  "gpt_models/pytorch-resnet50/fp32_inference_step_time_99:8": 2319.0181255340576,
  "gpt_models/pytorch-resnet50/fp32_inference_step_time_99:9": 2309.9710941314697,
  "gpt_models/pytorch-resnet50/fp32_inference_step_time_99:10": 2302.288055419922,
  "gpt_models/pytorch-resnet50/fp32_inference_step_time_99:11": 2323.5092163085938,
  "gpt_models/pytorch-resnet50/fp32_inference_step_time_99:12": 2366.532325744629,
  "gpt_models/pytorch-resnet50/fp32_inference_step_time_99:13": 2325.275659561157,
  "gpt_models/pytorch-resnet50/fp32_inference_step_time_99:14": 2282.7324867248535,
  "gpt_models/pytorch-resnet50/fp32_inference_step_time_99:15": 2295.7470417022705,
  "gpt_models/pytorch-resnet50/fp32_inference_step_time_99.9:0": 2330.7976722717285,
  "gpt_models/pytorch-resnet50/fp32_inference_step_time_99.9:1": 2369.9896335601807,
  "gpt_models/pytorch-resnet50/fp32_inference_step_time_99.9:2": 2334.1774940490723,
  "gpt_models/pytorch-resnet50/fp32_inference_step_time_99.9:3": 2460.423231124878,
  "gpt_models/pytorch-resnet50/fp32_inference_step_time_99.9:4": 2319.7216987609863,
  "gpt_models/pytorch-resnet50/fp32_inference_step_time_99.9:5": 2247.727632522583,
  "gpt_models/pytorch-resnet50/fp32_inference_step_time_99.9:6": 2248.0309009552,
  "gpt_models/pytorch-resnet50/fp32_inference_step_time_99.9:7": 2394.0796852111816,
  "gpt_models/pytorch-resnet50/fp32_inference_step_time_99.9:8": 2384.889602661133,
  "gpt_models/pytorch-resnet50/fp32_inference_step_time_99.9:9": 2381.918430328369,
  "gpt_models/pytorch-resnet50/fp32_inference_step_time_99.9:10": 2308.6624145507812,
  "gpt_models/pytorch-resnet50/fp32_inference_step_time_99.9:11": 2352.128267288208,
  "gpt_models/pytorch-resnet50/fp32_inference_step_time_99.9:12": 2401.042699813843,
  "gpt_models/pytorch-resnet50/fp32_inference_step_time_99.9:13": 2355.501651763916,
  "gpt_models/pytorch-resnet50/fp32_inference_step_time_99.9:14": 2297.7473735809326,
  "gpt_models/pytorch-resnet50/fp32_inference_step_time_99.9:15": 2312.6614093780518,
  "gpt_models/pytorch-resnet50/fp32_inference_throughput_50:0": 2582.460401393646,
  "gpt_models/pytorch-resnet50/fp32_inference_throughput_50:1": 2605.346949530045,
  "gpt_models/pytorch-resnet50/fp32_inference_throughput_50:2": 2598.8571129868324,
  "gpt_models/pytorch-resnet50/fp32_inference_throughput_50:3": 2594.0340304681044,
  "gpt_models/pytorch-resnet50/fp32_inference_throughput_50:4": 2594.198265059558,
  "gpt_models/pytorch-resnet50/fp32_inference_throughput_50:5": 2594.5953727839506,
  "gpt_models/pytorch-resnet50/fp32_inference_throughput_50:6": 2617.737983045568,
  "gpt_models/pytorch-resnet50/fp32_inference_throughput_50:7": 2593.3837140516875,
  "gpt_models/pytorch-resnet50/fp32_inference_throughput_50:8": 2618.273079697693,
  "gpt_models/pytorch-resnet50/fp32_inference_throughput_50:9": 2611.48371832389,
  "gpt_models/pytorch-resnet50/fp32_inference_throughput_50:10": 2613.2675995069962,
  "gpt_models/pytorch-resnet50/fp32_inference_throughput_50:11": 2575.565950956034,
  "gpt_models/pytorch-resnet50/fp32_inference_throughput_50:12": 2591.07466599664,
  "gpt_models/pytorch-resnet50/fp32_inference_throughput_50:13": 2594.3307180479433,
  "gpt_models/pytorch-resnet50/fp32_inference_throughput_50:14": 2609.077125230923,
  "gpt_models/pytorch-resnet50/fp32_inference_throughput_50:15": 2580.192976437914,
  "gpt_models/pytorch-resnet50/fp32_inference_throughput_90:0": 2651.3691368842656,
  "gpt_models/pytorch-resnet50/fp32_inference_throughput_90:1": 2645.209916427424,
  "gpt_models/pytorch-resnet50/fp32_inference_throughput_90:2": 2649.2620685600045,
  "gpt_models/pytorch-resnet50/fp32_inference_throughput_90:3": 2659.8181534334153,
  "gpt_models/pytorch-resnet50/fp32_inference_throughput_90:4": 2646.9803524691083,
  "gpt_models/pytorch-resnet50/fp32_inference_throughput_90:5": 2644.8838901361823,
  "gpt_models/pytorch-resnet50/fp32_inference_throughput_90:6": 2671.5435856101244,
  "gpt_models/pytorch-resnet50/fp32_inference_throughput_90:7": 2650.7421471121334,
  "gpt_models/pytorch-resnet50/fp32_inference_throughput_90:8": 2663.381601773935,
  "gpt_models/pytorch-resnet50/fp32_inference_throughput_90:9": 2649.3813390126234,
  "gpt_models/pytorch-resnet50/fp32_inference_throughput_90:10": 2663.989359134522,
  "gpt_models/pytorch-resnet50/fp32_inference_throughput_90:11": 2638.601403560544,
  "gpt_models/pytorch-resnet50/fp32_inference_throughput_90:12": 2658.869326511237,
  "gpt_models/pytorch-resnet50/fp32_inference_throughput_90:13": 2650.951720023158,
  "gpt_models/pytorch-resnet50/fp32_inference_throughput_90:14": 2654.130136719157,
  "gpt_models/pytorch-resnet50/fp32_inference_throughput_90:15": 2657.318020832637,
  "gpt_models/pytorch-resnet50/fp32_inference_throughput_95:0": 2655.8000163018173,
  "gpt_models/pytorch-resnet50/fp32_inference_throughput_95:1": 2653.4560580439834,
  "gpt_models/pytorch-resnet50/fp32_inference_throughput_95:2": 2659.923654528092,
  "gpt_models/pytorch-resnet50/fp32_inference_throughput_95:3": 2676.56321102116,
  "gpt_models/pytorch-resnet50/fp32_inference_throughput_95:4": 2655.512029920261,
  "gpt_models/pytorch-resnet50/fp32_inference_throughput_95:5": 2649.2581133463113,
  "gpt_models/pytorch-resnet50/fp32_inference_throughput_95:6": 2678.2518077789173,
  "gpt_models/pytorch-resnet50/fp32_inference_throughput_95:7": 2659.139650215977,
  "gpt_models/pytorch-resnet50/fp32_inference_throughput_95:8": 2672.4169608965935,
  "gpt_models/pytorch-resnet50/fp32_inference_throughput_95:9": 2654.6796053402295,
  "gpt_models/pytorch-resnet50/fp32_inference_throughput_95:10": 2673.2803745357414,
  "gpt_models/pytorch-resnet50/fp32_inference_throughput_95:11": 2650.8231699189287,
  "gpt_models/pytorch-resnet50/fp32_inference_throughput_95:12": 2668.781762297927,
  "gpt_models/pytorch-resnet50/fp32_inference_throughput_95:13": 2668.7731173943685,
  "gpt_models/pytorch-resnet50/fp32_inference_throughput_95:14": 2665.027124306008,
  "gpt_models/pytorch-resnet50/fp32_inference_throughput_95:15": 2667.6096540881304,
  "gpt_models/pytorch-resnet50/fp32_inference_throughput_99:0": 2682.2362371093805,
  "gpt_models/pytorch-resnet50/fp32_inference_throughput_99:1": 2663.686676065738,
  "gpt_models/pytorch-resnet50/fp32_inference_throughput_99:2": 2664.144418567534,
  "gpt_models/pytorch-resnet50/fp32_inference_throughput_99:3": 2682.602732621327,
  "gpt_models/pytorch-resnet50/fp32_inference_throughput_99:4": 2659.434249167481,
  "gpt_models/pytorch-resnet50/fp32_inference_throughput_99:5": 2660.3696731304954,
  "gpt_models/pytorch-resnet50/fp32_inference_throughput_99:6": 2682.8960011499785,
  "gpt_models/pytorch-resnet50/fp32_inference_throughput_99:7": 2671.3443552992935,
  "gpt_models/pytorch-resnet50/fp32_inference_throughput_99:8": 2683.5601481289495,
  "gpt_models/pytorch-resnet50/fp32_inference_throughput_99:9": 2667.376157880758,
  "gpt_models/pytorch-resnet50/fp32_inference_throughput_99:10": 2683.9401206062494,
  "gpt_models/pytorch-resnet50/fp32_inference_throughput_99:11": 2665.58450262206,
  "gpt_models/pytorch-resnet50/fp32_inference_throughput_99:12": 2676.613831731198,
  "gpt_models/pytorch-resnet50/fp32_inference_throughput_99:13": 2690.4534952192425,
  "gpt_models/pytorch-resnet50/fp32_inference_throughput_99:14": 2677.461314143949,
  "gpt_models/pytorch-resnet50/fp32_inference_throughput_99:15": 2676.7566980496845,
  "gpt_models/pytorch-resnet50/fp32_inference_throughput_99.9:0": 2687.6114368585827,
  "gpt_models/pytorch-resnet50/fp32_inference_throughput_99.9:1": 2672.23957804217,
  "gpt_models/pytorch-resnet50/fp32_inference_throughput_99.9:2": 2666.188335500001,
  "gpt_models/pytorch-resnet50/fp32_inference_throughput_99.9:3": 2696.3123030684565,
  "gpt_models/pytorch-resnet50/fp32_inference_throughput_99.9:4": 2667.100765098486,
  "gpt_models/pytorch-resnet50/fp32_inference_throughput_99.9:5": 2667.540865621166,
  "gpt_models/pytorch-resnet50/fp32_inference_throughput_99.9:6": 2693.5547242847338,
  "gpt_models/pytorch-resnet50/fp32_inference_throughput_99.9:7": 2678.5198671229045,
  "gpt_models/pytorch-resnet50/fp32_inference_throughput_99.9:8": 2685.8591099060463,
  "gpt_models/pytorch-resnet50/fp32_inference_throughput_99.9:9": 2667.5254426849688,
  "gpt_models/pytorch-resnet50/fp32_inference_throughput_99.9:10": 2696.611098707259,
  "gpt_models/pytorch-resnet50/fp32_inference_throughput_99.9:11": 2685.9235300213186,
  "gpt_models/pytorch-resnet50/fp32_inference_throughput_99.9:12": 2677.7295260877177,
  "gpt_models/pytorch-resnet50/fp32_inference_throughput_99.9:13": 2698.537208033518,
  "gpt_models/pytorch-resnet50/fp32_inference_throughput_99.9:14": 2679.8173855465075,
  "gpt_models/pytorch-resnet50/fp32_inference_throughput_99.9:15": 2679.3856733700077,
  "monitor/gpu_temperature:0": 44,
  "monitor/gpu_temperature:1": 40,
  "monitor/gpu_temperature:2": 41,
  "monitor/gpu_temperature:3": 40,
  "monitor/gpu_temperature:4": 39,
  "monitor/gpu_temperature:5": 40,
  "monitor/gpu_temperature:6": 41,
  "monitor/gpu_temperature:7": 40,
  "monitor/gpu_power_limit:0": 500,
  "monitor/gpu_power_limit:1": 500,
  "monitor/gpu_power_limit:2": 500,
  "monitor/gpu_power_limit:3": 500,
  "monitor/gpu_power_limit:4": 500,
  "monitor/gpu_power_limit:5": 500,
  "monitor/gpu_power_limit:6": 500,
  "monitor/gpu_power_limit:7": 500,
  "monitor/gpu_corrected_ecc:0": 0,
  "monitor/gpu_corrected_ecc:1": 0,
  "monitor/gpu_corrected_ecc:2": 0,
  "monitor/gpu_corrected_ecc:3": 0,
  "monitor/gpu_corrected_ecc:4": 0,
  "monitor/gpu_corrected_ecc:5": 0,
  "monitor/gpu_corrected_ecc:6": 0,
  "monitor/gpu_corrected_ecc:7": 0,
  "monitor/gpu_uncorrected_ecc:0": 0,
  "monitor/gpu_uncorrected_ecc:1": 0,
  "monitor/gpu_uncorrected_ecc:2": 0,
  "monitor/gpu_uncorrected_ecc:3": 0,
  "monitor/gpu_uncorrected_ecc:4": 0,
  "monitor/gpu_uncorrected_ecc:5": 0,
  "monitor/gpu_uncorrected_ecc:6": 0,
  "monitor/gpu_uncorrected_ecc:7": 0,
  "monitor/gpu_remap_correctable_error:0": 0,
  "monitor/gpu_remap_uncorrectable_error:0": 0,
  "monitor/gpu_remap_max:0": 640,
  "monitor/gpu_remap_high:0": 0,
  "monitor/gpu_remap_partial:0": 0,
  "monitor/gpu_remap_low:0": 0,
  "monitor/gpu_remap_none:0": 0,
  "monitor/gpu_remap_correctable_error:1": 0,
  "monitor/gpu_remap_uncorrectable_error:1": 0,
  "monitor/gpu_remap_max:1": 640,
  "monitor/gpu_remap_high:1": 0,
  "monitor/gpu_remap_partial:1": 0,
  "monitor/gpu_remap_low:1": 0,
  "monitor/gpu_remap_none:1": 0,
  "monitor/gpu_remap_correctable_error:2": 0,
  "monitor/gpu_remap_uncorrectable_error:2": 0,
  "monitor/gpu_remap_max:2": 640,
  "monitor/gpu_remap_high:2": 0,
  "monitor/gpu_remap_partial:2": 0,
  "monitor/gpu_remap_low:2": 0,
  "monitor/gpu_remap_none:2": 0,
  "monitor/gpu_remap_correctable_error:3": 0,
  "monitor/gpu_remap_uncorrectable_error:3": 0,
  "monitor/gpu_remap_max:3": 640,
  "monitor/gpu_remap_high:3": 0,
  "monitor/gpu_remap_partial:3": 0,
  "monitor/gpu_remap_low:3": 0,
  "monitor/gpu_remap_none:3": 0,
  "monitor/gpu_remap_correctable_error:4": 0,
  "monitor/gpu_remap_uncorrectable_error:4": 0,
  "monitor/gpu_remap_max:4": 640,
  "monitor/gpu_remap_high:4": 0,
  "monitor/gpu_remap_partial:4": 0,
  "monitor/gpu_remap_low:4": 0,
  "monitor/gpu_remap_none:4": 0,
  "monitor/gpu_remap_correctable_error:5": 0,
  "monitor/gpu_remap_uncorrectable_error:5": 0,
  "monitor/gpu_remap_max:5": 640,
  "monitor/gpu_remap_high:5": 0,
  "monitor/gpu_remap_partial:5": 0,
  "monitor/gpu_remap_low:5": 0,
  "monitor/gpu_remap_none:5": 0,
  "monitor/gpu_remap_correctable_error:6": 0,
  "monitor/gpu_remap_uncorrectable_error:6": 0,
  "monitor/gpu_remap_max:6": 640,
  "monitor/gpu_remap_high:6": 0,
  "monitor/gpu_remap_partial:6": 0,
  "monitor/gpu_remap_low:6": 0,
  "monitor/gpu_remap_none:6": 0,
  "monitor/gpu_remap_correctable_error:7": 0,
  "monitor/gpu_remap_uncorrectable_error:7": 0,
  "monitor/gpu_remap_max:7": 640,
  "monitor/gpu_remap_high:7": 0,
  "monitor/gpu_remap_partial:7": 0,
  "monitor/gpu_remap_low:7": 0,
  "monitor/gpu_remap_none:7": 0
}