{
  "gpt_models/pytorch-vgg16/return_code:0": 0,
  "gpt_models/pytorch-vgg16/return_code:1": 0,
  "gpt_models/pytorch-vgg16/return_code:2": 0,
  "gpt_models/pytorch-vgg16/return_code:3": 0,
  "gpt_models/pytorch-vgg16/return_code:4": 0,
  "gpt_models/pytorch-vgg16/return_code:5": 0,
  "gpt_models/pytorch-vgg16/return_code:6": 0,
  "gpt_models/pytorch-vgg16/return_code:7": 0,
  "gpt_models/pytorch-vgg16/fp32_inference_step_time:0": 2.0627927780151367,
  "gpt_models/pytorch-vgg16/fp32_inference_step_time:1": 2.1509456634521484,
  "gpt_models/pytorch-vgg16/fp32_inference_step_time:2": 2.1648645401000977,
  "gpt_models/pytorch-vgg16/fp32_inference_step_time:3": 2.134983539581299,
  "gpt_models/pytorch-vgg16/fp32_inference_step_time:4": 2.0629143714904785,
  "gpt_models/pytorch-vgg16/fp32_inference_step_time:5": 2.0249176025390625,
  "gpt_models/pytorch-vgg16/fp32_inference_step_time:6": 2.1000218391418457,
  "gpt_models/pytorch-vgg16/fp32_inference_step_time:7": 2.0944833755493164,
  "gpt_models/pytorch-vgg16/fp32_inference_throughput:0": 969.6968502080473,
  "gpt_models/pytorch-vgg16/fp32_inference_throughput:1": 930.7131628791185,
  "gpt_models/pytorch-vgg16/fp32_inference_throughput:2": 925.8972387237305,
  "gpt_models/pytorch-vgg16/fp32_inference_throughput:3": 938.4923382227387,
  "gpt_models/pytorch-vgg16/fp32_inference_throughput:4": 969.6230456214992,
  "gpt_models/pytorch-vgg16/fp32_inference_throughput:5": 987.7278231935254,
  "gpt_models/pytorch-vgg16/fp32_inference_throughput:6": 953.8917634125424,
  "gpt_models/pytorch-vgg16/fp32_inference_throughput:7": 957.1444542085794,
  "gpt_models/pytorch-vgg16/fp32_inference_step_time_50:0": 2.057790756225586,
  "gpt_models/pytorch-vgg16/fp32_inference_step_time_50:1": 2.17437744140625,
  "gpt_models/pytorch-vgg16/fp32_inference_step_time_50:2": 2.1746158599853516,
  "gpt_models/pytorch-vgg16/fp32_inference_step_time_50:3": 2.133607864379883,
  "gpt_models/pytorch-vgg16/fp32_inference_step_time_50:4": 2.056598663330078,
  "gpt_models/pytorch-vgg16/fp32_inference_step_time_50:5": 2.0232200622558594,
  "gpt_models/pytorch-vgg16/fp32_inference_step_time_50:6": 2.0797252655029297,
  "gpt_models/pytorch-vgg16/fp32_inference_step_time_50:7": 2.0685195922851562,
  "gpt_models/pytorch-vgg16/fp32_inference_step_time_90:0": 2.100229263305664,
  "gpt_models/pytorch-vgg16/fp32_inference_step_time_90:1": 2.2356510162353516,
  "gpt_models/pytorch-vgg16/fp32_inference_step_time_90:2": 2.236604690551758,
  "gpt_models/pytorch-vgg16/fp32_inference_step_time_90:3": 2.151966094970703,
  "gpt_models/pytorch-vgg16/fp32_inference_step_time_90:4": 2.088785171508789,
  "gpt_models/pytorch-vgg16/fp32_inference_step_time_90:5": 2.040386199951172,
  "gpt_models/pytorch-vgg16/fp32_inference_step_time_90:6": 2.1326541900634766,
  "gpt_models/pytorch-vgg16/fp32_inference_step_time_90:7": 2.094745635986328,
  "gpt_models/pytorch-vgg16/fp32_inference_step_time_95:0": 2.1049976348876953,
  "gpt_models/pytorch-vgg16/fp32_inference_step_time_95:1": 2.2614002227783203,
  "gpt_models/pytorch-vgg16/fp32_inference_step_time_95:2": 2.258777618408203,
  "gpt_models/pytorch-vgg16/fp32_inference_step_time_95:3": 2.1665096282958984,
  "gpt_models/pytorch-vgg16/fp32_inference_step_time_95:4": 2.1207332611083984,
  "gpt_models/pytorch-vgg16/fp32_inference_step_time_95:5": 2.0439624786376953,
  "gpt_models/pytorch-vgg16/fp32_inference_step_time_95:6": 2.1514892578125,
  "gpt_models/pytorch-vgg16/fp32_inference_step_time_95:7": 2.368450164794922,
  "gpt_models/pytorch-vgg16/fp32_inference_step_time_99:0": 2.1631717681884766,
  "gpt_models/pytorch-vgg16/fp32_inference_step_time_99:1": 2.285003662109375,
  "gpt_models/pytorch-vgg16/fp32_inference_step_time_99:2": 2.621889114379883,
  "gpt_models/pytorch-vgg16/fp32_inference_step_time_99:3": 2.2614002227783203,
  "gpt_models/pytorch-vgg16/fp32_inference_step_time_99:4": 2.134561538696289,
  "gpt_models/pytorch-vgg16/fp32_inference_step_time_99:5": 2.054929733276367,
  "gpt_models/pytorch-vgg16/fp32_inference_step_time_99:6": 2.209186553955078,
  "gpt_models/pytorch-vgg16/fp32_inference_step_time_99:7": 2.434253692626953,
  "gpt_models/pytorch-vgg16/fp32_inference_step_time_99.9:0": 2.1653175354003906,
  "gpt_models/pytorch-vgg16/fp32_inference_step_time_99.9:1": 2.2902488708496094,
  "gpt_models/pytorch-vgg16/fp32_inference_step_time_99.9:2": 2.7811527252197266,
  "gpt_models/pytorch-vgg16/fp32_inference_step_time_99.9:3": 3.1549930572509766,
  "gpt_models/pytorch-vgg16/fp32_inference_step_time_99.9:4": 2.150297164916992,
  "gpt_models/pytorch-vgg16/fp32_inference_step_time_99.9:5": 2.0720958709716797,
  "gpt_models/pytorch-vgg16/fp32_inference_step_time_99.9:6": 3.0422210693359375,
  "gpt_models/pytorch-vgg16/fp32_inference_step_time_99.9:7": 2.989530563354492,
  "gpt_models/pytorch-vgg16/fp32_inference_throughput_50:0": 972.4794806399258,
  "gpt_models/pytorch-vgg16/fp32_inference_throughput_50:1": 920.3080636313769,
  "gpt_models/pytorch-vgg16/fp32_inference_throughput_50:2": 920.7121062451981,
  "gpt_models/pytorch-vgg16/fp32_inference_throughput_50:3": 937.4841305319625,
  "gpt_models/pytorch-vgg16/fp32_inference_throughput_50:4": 972.4794806399258,
  "gpt_models/pytorch-vgg16/fp32_inference_throughput_50:5": 988.7562470532768,
  "gpt_models/pytorch-vgg16/fp32_inference_throughput_50:6": 961.8860222451553,
  "gpt_models/pytorch-vgg16/fp32_inference_throughput_50:7": 966.8750576302443,
  "gpt_models/pytorch-vgg16/fp32_inference_throughput_90:0": 980.7796094937448,
  "gpt_models/pytorch-vgg16/fp32_inference_throughput_90:1": 967.8790815737856,
  "gpt_models/pytorch-vgg16/fp32_inference_throughput_90:2": 969.1090573012939,
  "gpt_models/pytorch-vgg16/fp32_inference_throughput_90:3": 966.540845719553,
  "gpt_models/pytorch-vgg16/fp32_inference_throughput_90:4": 977.9211937514572,
  "gpt_models/pytorch-vgg16/fp32_inference_throughput_90:5": 994.0286763834578,
  "gpt_models/pytorch-vgg16/fp32_inference_throughput_90:6": 967.5441753171857,
  "gpt_models/pytorch-vgg16/fp32_inference_throughput_90:7": 972.4794806399258,
  "gpt_models/pytorch-vgg16/fp32_inference_throughput_95:0": 982.7328959700094,
  "gpt_models/pytorch-vgg16/fp32_inference_throughput_95:1": 969.6691711940816,
  "gpt_models/pytorch-vgg16/fp32_inference_throughput_95:2": 970.117728692032,
  "gpt_models/pytorch-vgg16/fp32_inference_throughput_95:3": 970.3421631000579,
  "gpt_models/pytorch-vgg16/fp32_inference_throughput_95:4": 980.0920668302372,
  "gpt_models/pytorch-vgg16/fp32_inference_throughput_95:5": 994.6179748636472,
  "gpt_models/pytorch-vgg16/fp32_inference_throughput_95:6": 969.2210283073368,
  "gpt_models/pytorch-vgg16/fp32_inference_throughput_95:7": 973.1563805104408,
  "gpt_models/pytorch-vgg16/fp32_inference_throughput_99:0": 986.4308560677329,
  "gpt_models/pytorch-vgg16/fp32_inference_throughput_99:1": 971.9161163248755,
  "gpt_models/pytorch-vgg16/fp32_inference_throughput_99:2": 971.4658946149392,
  "gpt_models/pytorch-vgg16/fp32_inference_throughput_99:3": 973.6081708449397,
  "gpt_models/pytorch-vgg16/fp32_inference_throughput_99:4": 984.0009384164223,
  "gpt_models/pytorch-vgg16/fp32_inference_throughput_99:5": 995.3260560037969,
  "gpt_models/pytorch-vgg16/fp32_inference_throughput_99:6": 979.863100105128,
  "gpt_models/pytorch-vgg16/fp32_inference_throughput_99:7": 973.9472889817717,
  "gpt_models/pytorch-vgg16/fp32_inference_throughput_99.9:0": 987.8247762600095,
  "gpt_models/pytorch-vgg16/fp32_inference_throughput_99.9:1": 973.0434984340563,
  "gpt_models/pytorch-vgg16/fp32_inference_throughput_99.9:2": 972.3667555349484,
  "gpt_models/pytorch-vgg16/fp32_inference_throughput_99.9:3": 974.0603808639108,
  "gpt_models/pytorch-vgg16/fp32_inference_throughput_99.9:4": 985.9670897978373,
  "gpt_models/pytorch-vgg16/fp32_inference_throughput_99.9:5": 996.6268266603303,
  "gpt_models/pytorch-vgg16/fp32_inference_throughput_99.9:6": 981.353299017314,
  "gpt_models/pytorch-vgg16/fp32_inference_throughput_99.9:7": 974.9660622966062,
  "monitor/gpu_temperature:0": 27,
  "monitor/gpu_temperature:1": 28,
  "monitor/gpu_temperature:2": 27,
  "monitor/gpu_temperature:3": 26,
  "monitor/gpu_temperature:4": 26,
  "monitor/gpu_temperature:5": 26,
  "monitor/gpu_temperature:6": 27,
  "monitor/gpu_temperature:7": 27,
  "monitor/gpu_power_limit:0": 500,
  "monitor/gpu_power_limit:1": 500,
  "monitor/gpu_power_limit:2": 500,
  "monitor/gpu_power_limit:3": 500,
  "monitor/gpu_power_limit:4": 500,
  "monitor/gpu_power_limit:5": 500,
  "monitor/gpu_power_limit:6": 500,
  "monitor/gpu_power_limit:7": 500,
  "monitor/gpu_corrected_ecc:0": 0,
  "monitor/gpu_corrected_ecc:1": 0,
  "monitor/gpu_corrected_ecc:2": 0,
  "monitor/gpu_corrected_ecc:3": 0,
  "monitor/gpu_corrected_ecc:4": 0,
  "monitor/gpu_corrected_ecc:5": 0,
  "monitor/gpu_corrected_ecc:6": 0,
  "monitor/gpu_corrected_ecc:7": 0,
  "monitor/gpu_uncorrected_ecc:0": 0,
  "monitor/gpu_uncorrected_ecc:1": 0,
  "monitor/gpu_uncorrected_ecc:2": 0,
  "monitor/gpu_uncorrected_ecc:3": 0,
  "monitor/gpu_uncorrected_ecc:4": 0,
  "monitor/gpu_uncorrected_ecc:5": 0,
  "monitor/gpu_uncorrected_ecc:6": 0,
  "monitor/gpu_uncorrected_ecc:7": 0,
  "monitor/gpu_remap_correctable_error:0": 0,
  "monitor/gpu_remap_uncorrectable_error:0": 0,
  "monitor/gpu_remap_max:0": 640,
  "monitor/gpu_remap_high:0": 0,
  "monitor/gpu_remap_partial:0": 0,
  "monitor/gpu_remap_low:0": 0,
  "monitor/gpu_remap_none:0": 0,
  "monitor/gpu_remap_correctable_error:1": 0,
  "monitor/gpu_remap_uncorrectable_error:1": 0,
  "monitor/gpu_remap_max:1": 640,
  "monitor/gpu_remap_high:1": 0,
  "monitor/gpu_remap_partial:1": 0,
  "monitor/gpu_remap_low:1": 0,
  "monitor/gpu_remap_none:1": 0,
  "monitor/gpu_remap_correctable_error:2": 0,
  "monitor/gpu_remap_uncorrectable_error:2": 0,
  "monitor/gpu_remap_max:2": 640,
  "monitor/gpu_remap_high:2": 0,
  "monitor/gpu_remap_partial:2": 0,
  "monitor/gpu_remap_low:2": 0,
  "monitor/gpu_remap_none:2": 0,
  "monitor/gpu_remap_correctable_error:3": 0,
  "monitor/gpu_remap_uncorrectable_error:3": 0,
  "monitor/gpu_remap_max:3": 640,
  "monitor/gpu_remap_high:3": 0,
  "monitor/gpu_remap_partial:3": 0,
  "monitor/gpu_remap_low:3": 0,
  "monitor/gpu_remap_none:3": 0,
  "monitor/gpu_remap_correctable_error:4": 0,
  "monitor/gpu_remap_uncorrectable_error:4": 0,
  "monitor/gpu_remap_max:4": 640,
  "monitor/gpu_remap_high:4": 0,
  "monitor/gpu_remap_partial:4": 0,
  "monitor/gpu_remap_low:4": 0,
  "monitor/gpu_remap_none:4": 0,
  "monitor/gpu_remap_correctable_error:5": 0,
  "monitor/gpu_remap_uncorrectable_error:5": 0,
  "monitor/gpu_remap_max:5": 640,
  "monitor/gpu_remap_high:5": 0,
  "monitor/gpu_remap_partial:5": 0,
  "monitor/gpu_remap_low:5": 0,
  "monitor/gpu_remap_none:5": 0,
  "monitor/gpu_remap_correctable_error:6": 0,
  "monitor/gpu_remap_uncorrectable_error:6": 0,
  "monitor/gpu_remap_max:6": 640,
  "monitor/gpu_remap_high:6": 0,
  "monitor/gpu_remap_partial:6": 0,
  "monitor/gpu_remap_low:6": 0,
  "monitor/gpu_remap_none:6": 0,
  "monitor/gpu_remap_correctable_error:7": 0,
  "monitor/gpu_remap_uncorrectable_error:7": 0,
  "monitor/gpu_remap_max:7": 640,
  "monitor/gpu_remap_high:7": 0,
  "monitor/gpu_remap_partial:7": 0,
  "monitor/gpu_remap_low:7": 0,
  "monitor/gpu_remap_none:7": 0
}