{
  "gpt_models/pytorch-vgg16/return_code:0": 0,
  "gpt_models/pytorch-vgg16/return_code:1": 0,
  "gpt_models/pytorch-vgg16/return_code:2": 0,
  "gpt_models/pytorch-vgg16/return_code:3": 0,
  "gpt_models/pytorch-vgg16/return_code:4": 0,
  "gpt_models/pytorch-vgg16/return_code:5": 0,
  "gpt_models/pytorch-vgg16/return_code:6": 0,
  "gpt_models/pytorch-vgg16/return_code:7": 0,
  "gpt_models/pytorch-vgg16/fp32_inference_step_time:0": 9.939756393432617,
  "gpt_models/pytorch-vgg16/fp32_inference_step_time:1": 9.827167987823486,
  "gpt_models/pytorch-vgg16/fp32_inference_step_time:2": 10.039002895355225,
  "gpt_models/pytorch-vgg16/fp32_inference_step_time:3": 9.918467998504639,
  "gpt_models/pytorch-vgg16/fp32_inference_step_time:4": 10.038325786590576,
  "gpt_models/pytorch-vgg16/fp32_inference_step_time:5": 10.017311573028564,
  "gpt_models/pytorch-vgg16/fp32_inference_step_time:6": 9.810740947723389,
  "gpt_models/pytorch-vgg16/fp32_inference_step_time:7": 12.105472087860107,
  "gpt_models/pytorch-vgg16/fp32_inference_throughput:0": 1610.517241883377,
  "gpt_models/pytorch-vgg16/fp32_inference_throughput:1": 1629.0988322480075,
  "gpt_models/pytorch-vgg16/fp32_inference_throughput:2": 1594.0876849641797,
  "gpt_models/pytorch-vgg16/fp32_inference_throughput:3": 1613.9226824239463,
  "gpt_models/pytorch-vgg16/fp32_inference_throughput:4": 1595.0592152079892,
  "gpt_models/pytorch-vgg16/fp32_inference_throughput:5": 1598.8417254996998,
  "gpt_models/pytorch-vgg16/fp32_inference_throughput:6": 1631.5789901981457,
  "gpt_models/pytorch-vgg16/fp32_inference_throughput:7": 1540.8483045078474,
  "gpt_models/pytorch-vgg16/fp32_inference_step_time_50:0": 10.015249252319336,
  "gpt_models/pytorch-vgg16/fp32_inference_step_time_50:1": 9.739160537719727,
  "gpt_models/pytorch-vgg16/fp32_inference_step_time_50:2": 10.045528411865234,
  "gpt_models/pytorch-vgg16/fp32_inference_step_time_50:3": 9.960412979125977,
  "gpt_models/pytorch-vgg16/fp32_inference_step_time_50:4": 10.013103485107422,
  "gpt_models/pytorch-vgg16/fp32_inference_step_time_50:5": 9.98687744140625,
  "gpt_models/pytorch-vgg16/fp32_inference_step_time_50:6": 9.742498397827148,
  "gpt_models/pytorch-vgg16/fp32_inference_step_time_50:7": 10.191202163696289,
  "gpt_models/pytorch-vgg16/fp32_inference_step_time_90:0": 10.096311569213867,
  "gpt_models/pytorch-vgg16/fp32_inference_step_time_90:1": 10.051727294921875,
  "gpt_models/pytorch-vgg16/fp32_inference_step_time_90:2": 10.16688346862793,
  "gpt_models/pytorch-vgg16/fp32_inference_step_time_90:3": 10.110139846801758,
  "gpt_models/pytorch-vgg16/fp32_inference_step_time_90:4": 10.350465774536133,
  "gpt_models/pytorch-vgg16/fp32_inference_step_time_90:5": 10.447025299072266,
  "gpt_models/pytorch-vgg16/fp32_inference_step_time_90:6": 9.99307632446289,
  "gpt_models/pytorch-vgg16/fp32_inference_step_time_90:7": 10.772228240966797,
  "gpt_models/pytorch-vgg16/fp32_inference_step_time_95:0": 10.139942169189453,
  "gpt_models/pytorch-vgg16/fp32_inference_step_time_95:1": 10.30731201171875,
  "gpt_models/pytorch-vgg16/fp32_inference_step_time_95:2": 10.23554801940918,
  "gpt_models/pytorch-vgg16/fp32_inference_step_time_95:3": 10.13636589050293,
  "gpt_models/pytorch-vgg16/fp32_inference_step_time_95:4": 10.54835319519043,
  "gpt_models/pytorch-vgg16/fp32_inference_step_time_95:5": 10.603904724121094,
  "gpt_models/pytorch-vgg16/fp32_inference_step_time_95:6": 10.107040405273438,
  "gpt_models/pytorch-vgg16/fp32_inference_step_time_95:7": 10.92839241027832,
  "gpt_models/pytorch-vgg16/fp32_inference_step_time_99:0": 10.482549667358398,
  "gpt_models/pytorch-vgg16/fp32_inference_step_time_99:1": 10.643482208251953,
  "gpt_models/pytorch-vgg16/fp32_inference_step_time_99:2": 10.412216186523438,
  "gpt_models/pytorch-vgg16/fp32_inference_step_time_99:3": 10.370731353759766,
  "gpt_models/pytorch-vgg16/fp32_inference_step_time_99:4": 10.838747024536133,
  "gpt_models/pytorch-vgg16/fp32_inference_step_time_99:5": 10.675907135009766,
  "gpt_models/pytorch-vgg16/fp32_inference_step_time_99:6": 10.275602340698242,
  "gpt_models/pytorch-vgg16/fp32_inference_step_time_99:7": 11.425495147705078,
  "gpt_models/pytorch-vgg16/fp32_inference_step_time_99.9:0": 11.541128158569336,
  "gpt_models/pytorch-vgg16/fp32_inference_step_time_99.9:1": 10.99705696105957,
  "gpt_models/pytorch-vgg16/fp32_inference_step_time_99.9:2": 10.686397552490234,
  "gpt_models/pytorch-vgg16/fp32_inference_step_time_99.9:3": 11.383771896362305,
  "gpt_models/pytorch-vgg16/fp32_inference_step_time_99.9:4": 11.109352111816406,
  "gpt_models/pytorch-vgg16/fp32_inference_step_time_99.9:5": 12.245416641235352,
  "gpt_models/pytorch-vgg16/fp32_inference_step_time_99.9:6": 11.39974594116211,
  "gpt_models/pytorch-vgg16/fp32_inference_step_time_99.9:7": 191.605806350708,
  "gpt_models/pytorch-vgg16/fp32_inference_throughput_50:0": 1597.6779354347204,
  "gpt_models/pytorch-vgg16/fp32_inference_throughput_50:1": 1643.8983906131348,
  "gpt_models/pytorch-vgg16/fp32_inference_throughput_50:2": 1593.883336500095,
  "gpt_models/pytorch-vgg16/fp32_inference_throughput_50:3": 1606.9360662803506,
  "gpt_models/pytorch-vgg16/fp32_inference_throughput_50:4": 1598.210621576566,
  "gpt_models/pytorch-vgg16/fp32_inference_throughput_50:5": 1602.7528360918059,
  "gpt_models/pytorch-vgg16/fp32_inference_throughput_50:6": 1642.85206492203,
  "gpt_models/pytorch-vgg16/fp32_inference_throughput_50:7": 1570.3122426057657,
  "gpt_models/pytorch-vgg16/fp32_inference_throughput_90:0": 1647.1262302726848,
  "gpt_models/pytorch-vgg16/fp32_inference_throughput_90:1": 1660.5350621071905,
  "gpt_models/pytorch-vgg16/fp32_inference_throughput_90:2": 1624.3613302996564,
  "gpt_models/pytorch-vgg16/fp32_inference_throughput_90:3": 1651.4226936043508,
  "gpt_models/pytorch-vgg16/fp32_inference_throughput_90:4": 1640.1218075616491,
  "gpt_models/pytorch-vgg16/fp32_inference_throughput_90:5": 1645.3493515090593,
  "gpt_models/pytorch-vgg16/fp32_inference_throughput_90:6": 1655.4965586994597,
  "gpt_models/pytorch-vgg16/fp32_inference_throughput_90:7": 1585.7482041587903,
  "gpt_models/pytorch-vgg16/fp32_inference_throughput_95:0": 1650.6915262575328,
  "gpt_models/pytorch-vgg16/fp32_inference_throughput_95:1": 1662.0978799286704,
  "gpt_models/pytorch-vgg16/fp32_inference_throughput_95:2": 1631.9058434452738,
  "gpt_models/pytorch-vgg16/fp32_inference_throughput_95:3": 1655.374050320671,
  "gpt_models/pytorch-vgg16/fp32_inference_throughput_95:4": 1642.8922835879357,
  "gpt_models/pytorch-vgg16/fp32_inference_throughput_95:5": 1647.6114998404164,
  "gpt_models/pytorch-vgg16/fp32_inference_throughput_95:6": 1656.518167456556,
  "gpt_models/pytorch-vgg16/fp32_inference_throughput_95:7": 1589.6923842236172,
  "gpt_models/pytorch-vgg16/fp32_inference_throughput_99:0": 1658.8521567173402,
  "gpt_models/pytorch-vgg16/fp32_inference_throughput_99:1": 1665.5216538852903,
  "gpt_models/pytorch-vgg16/fp32_inference_throughput_99:2": 1642.208833965496,
  "gpt_models/pytorch-vgg16/fp32_inference_throughput_99:3": 1656.518167456556,
  "gpt_models/pytorch-vgg16/fp32_inference_throughput_99:4": 1645.510727509011,
  "gpt_models/pytorch-vgg16/fp32_inference_throughput_99:5": 1650.9757921668963,
  "gpt_models/pytorch-vgg16/fp32_inference_throughput_99:6": 1657.0908192997185,
  "gpt_models/pytorch-vgg16/fp32_inference_throughput_99:7": 1590.9737559564733,
  "gpt_models/pytorch-vgg16/fp32_inference_throughput_99.9:0": 1660.042151090882,
  "gpt_models/pytorch-vgg16/fp32_inference_throughput_99.9:1": 1671.6201863199321,
  "gpt_models/pytorch-vgg16/fp32_inference_throughput_99.9:2": 1647.5710497888638,
  "gpt_models/pytorch-vgg16/fp32_inference_throughput_99.9:3": 1656.8862553391107,
  "gpt_models/pytorch-vgg16/fp32_inference_throughput_99.9:4": 1646.6412464728255,
  "gpt_models/pytorch-vgg16/fp32_inference_throughput_99.9:5": 1651.9511618747538,
  "gpt_models/pytorch-vgg16/fp32_inference_throughput_99.9:6": 1659.18026058793,
  "gpt_models/pytorch-vgg16/fp32_inference_throughput_99.9:7": 1591.3510232150056,
  "monitor/gpu_temperature:0": 28,
  "monitor/gpu_temperature:1": 28,
  "monitor/gpu_temperature:2": 27,
  "monitor/gpu_temperature:3": 27,
  "monitor/gpu_temperature:4": 26,
  "monitor/gpu_temperature:5": 26,
  "monitor/gpu_temperature:6": 27,
  "monitor/gpu_temperature:7": 27,
  "monitor/gpu_power_limit:0": 500,
  "monitor/gpu_power_limit:1": 500,
  "monitor/gpu_power_limit:2": 500,
  "monitor/gpu_power_limit:3": 500,
  "monitor/gpu_power_limit:4": 500,
  "monitor/gpu_power_limit:5": 500,
  "monitor/gpu_power_limit:6": 500,
  "monitor/gpu_power_limit:7": 500,
  "monitor/gpu_corrected_ecc:0": 0,
  "monitor/gpu_corrected_ecc:1": 0,
  "monitor/gpu_corrected_ecc:2": 0,
  "monitor/gpu_corrected_ecc:3": 0,
  "monitor/gpu_corrected_ecc:4": 0,
  "monitor/gpu_corrected_ecc:5": 0,
  "monitor/gpu_corrected_ecc:6": 0,
  "monitor/gpu_corrected_ecc:7": 0,
  "monitor/gpu_uncorrected_ecc:0": 0,
  "monitor/gpu_uncorrected_ecc:1": 0,
  "monitor/gpu_uncorrected_ecc:2": 0,
  "monitor/gpu_uncorrected_ecc:3": 0,
  "monitor/gpu_uncorrected_ecc:4": 0,
  "monitor/gpu_uncorrected_ecc:5": 0,
  "monitor/gpu_uncorrected_ecc:6": 0,
  "monitor/gpu_uncorrected_ecc:7": 0,
  "monitor/gpu_remap_correctable_error:0": 0,
  "monitor/gpu_remap_uncorrectable_error:0": 0,
  "monitor/gpu_remap_max:0": 640,
  "monitor/gpu_remap_high:0": 0,
  "monitor/gpu_remap_partial:0": 0,
  "monitor/gpu_remap_low:0": 0,
  "monitor/gpu_remap_none:0": 0,
  "monitor/gpu_remap_correctable_error:1": 0,
  "monitor/gpu_remap_uncorrectable_error:1": 0,
  "monitor/gpu_remap_max:1": 640,
  "monitor/gpu_remap_high:1": 0,
  "monitor/gpu_remap_partial:1": 0,
  "monitor/gpu_remap_low:1": 0,
  "monitor/gpu_remap_none:1": 0,
  "monitor/gpu_remap_correctable_error:2": 0,
  "monitor/gpu_remap_uncorrectable_error:2": 0,
  "monitor/gpu_remap_max:2": 640,
  "monitor/gpu_remap_high:2": 0,
  "monitor/gpu_remap_partial:2": 0,
  "monitor/gpu_remap_low:2": 0,
  "monitor/gpu_remap_none:2": 0,
  "monitor/gpu_remap_correctable_error:3": 0,
  "monitor/gpu_remap_uncorrectable_error:3": 0,
  "monitor/gpu_remap_max:3": 640,
  "monitor/gpu_remap_high:3": 0,
  "monitor/gpu_remap_partial:3": 0,
  "monitor/gpu_remap_low:3": 0,
  "monitor/gpu_remap_none:3": 0,
  "monitor/gpu_remap_correctable_error:4": 0,
  "monitor/gpu_remap_uncorrectable_error:4": 0,
  "monitor/gpu_remap_max:4": 640,
  "monitor/gpu_remap_high:4": 0,
  "monitor/gpu_remap_partial:4": 0,
  "monitor/gpu_remap_low:4": 0,
  "monitor/gpu_remap_none:4": 0,
  "monitor/gpu_remap_correctable_error:5": 0,
  "monitor/gpu_remap_uncorrectable_error:5": 0,
  "monitor/gpu_remap_max:5": 640,
  "monitor/gpu_remap_high:5": 0,
  "monitor/gpu_remap_partial:5": 0,
  "monitor/gpu_remap_low:5": 0,
  "monitor/gpu_remap_none:5": 0,
  "monitor/gpu_remap_correctable_error:6": 0,
  "monitor/gpu_remap_uncorrectable_error:6": 0,
  "monitor/gpu_remap_max:6": 640,
  "monitor/gpu_remap_high:6": 0,
  "monitor/gpu_remap_partial:6": 0,
  "monitor/gpu_remap_low:6": 0,
  "monitor/gpu_remap_none:6": 0,
  "monitor/gpu_remap_correctable_error:7": 0,
  "monitor/gpu_remap_uncorrectable_error:7": 0,
  "monitor/gpu_remap_max:7": 640,
  "monitor/gpu_remap_high:7": 0,
  "monitor/gpu_remap_partial:7": 0,
  "monitor/gpu_remap_low:7": 0,
  "monitor/gpu_remap_none:7": 0
}