{
  "gpt_models/pytorch-vgg16/return_code:0": 0,
  "gpt_models/pytorch-vgg16/return_code:1": 0,
  "gpt_models/pytorch-vgg16/return_code:2": 0,
  "gpt_models/pytorch-vgg16/return_code:3": 0,
  "gpt_models/pytorch-vgg16/return_code:4": 0,
  "gpt_models/pytorch-vgg16/return_code:5": 0,
  "gpt_models/pytorch-vgg16/return_code:6": 0,
  "gpt_models/pytorch-vgg16/return_code:7": 0,
  "gpt_models/pytorch-vgg16/fp32_inference_step_time:0": 1064.221374988556,
  "gpt_models/pytorch-vgg16/fp32_inference_step_time:1": 1076.9285798072815,
  "gpt_models/pytorch-vgg16/fp32_inference_step_time:2": 1086.098964214325,
  "gpt_models/pytorch-vgg16/fp32_inference_step_time:3": 1070.8660292625427,
  "gpt_models/pytorch-vgg16/fp32_inference_step_time:4": 1074.3879079818726,
  "gpt_models/pytorch-vgg16/fp32_inference_step_time:5": 1074.523766040802,
  "gpt_models/pytorch-vgg16/fp32_inference_step_time:6": 1072.234754562378,
  "gpt_models/pytorch-vgg16/fp32_inference_step_time:7": 1077.4948406219482,
  "gpt_models/pytorch-vgg16/fp32_inference_throughput:0": 1786.5002610754748,
  "gpt_models/pytorch-vgg16/fp32_inference_throughput:1": 1764.809186088377,
  "gpt_models/pytorch-vgg16/fp32_inference_throughput:2": 1749.7353149387452,
  "gpt_models/pytorch-vgg16/fp32_inference_throughput:3": 1775.2416397839047,
  "gpt_models/pytorch-vgg16/fp32_inference_throughput:4": 1769.5022145157868,
  "gpt_models/pytorch-vgg16/fp32_inference_throughput:5": 1769.6495845211136,
  "gpt_models/pytorch-vgg16/fp32_inference_throughput:6": 1773.0465237068709,
  "gpt_models/pytorch-vgg16/fp32_inference_throughput:7": 1763.6645954849373,
  "gpt_models/pytorch-vgg16/fp32_inference_step_time_50:0": 1064.023733139038,
  "gpt_models/pytorch-vgg16/fp32_inference_step_time_50:1": 1076.1325359344482,
  "gpt_models/pytorch-vgg16/fp32_inference_step_time_50:2": 1084.237813949585,
  "gpt_models/pytorch-vgg16/fp32_inference_step_time_50:3": 1067.9407119750977,
  "gpt_models/pytorch-vgg16/fp32_inference_step_time_50:4": 1069.4239139556885,
  "gpt_models/pytorch-vgg16/fp32_inference_step_time_50:5": 1069.366216659546,
  "gpt_models/pytorch-vgg16/fp32_inference_step_time_50:6": 1069.7674751281738,
  "gpt_models/pytorch-vgg16/fp32_inference_step_time_50:7": 1077.3019790649414,
  "gpt_models/pytorch-vgg16/fp32_inference_step_time_90:0": 1083.2350254058838,
  "gpt_models/pytorch-vgg16/fp32_inference_step_time_90:1": 1091.1662578582764,
  "gpt_models/pytorch-vgg16/fp32_inference_step_time_90:2": 1095.900297164917,
  "gpt_models/pytorch-vgg16/fp32_inference_step_time_90:3": 1108.388900756836,
  "gpt_models/pytorch-vgg16/fp32_inference_step_time_90:4": 1119.8697090148926,
  "gpt_models/pytorch-vgg16/fp32_inference_step_time_90:5": 1120.7001209259033,
  "gpt_models/pytorch-vgg16/fp32_inference_step_time_90:6": 1116.4507865905762,
  "gpt_models/pytorch-vgg16/fp32_inference_step_time_90:7": 1090.9430980682373,
  "gpt_models/pytorch-vgg16/fp32_inference_step_time_95:0": 1118.0825233459473,
  "gpt_models/pytorch-vgg16/fp32_inference_step_time_95:1": 1096.494197845459,
  "gpt_models/pytorch-vgg16/fp32_inference_step_time_95:2": 1125.1890659332275,
  "gpt_models/pytorch-vgg16/fp32_inference_step_time_95:3": 1125.5769729614258,
  "gpt_models/pytorch-vgg16/fp32_inference_step_time_95:4": 1133.4235668182373,
  "gpt_models/pytorch-vgg16/fp32_inference_step_time_95:5": 1132.030963897705,
  "gpt_models/pytorch-vgg16/fp32_inference_step_time_95:6": 1125.5629062652588,
  "gpt_models/pytorch-vgg16/fp32_inference_step_time_95:7": 1094.54345703125,
  "gpt_models/pytorch-vgg16/fp32_inference_step_time_99:0": 1164.0865802764893,
  "gpt_models/pytorch-vgg16/fp32_inference_step_time_99:1": 1159.1897010803223,
  "gpt_models/pytorch-vgg16/fp32_inference_step_time_99:2": 1139.1005516052246,
  "gpt_models/pytorch-vgg16/fp32_inference_step_time_99:3": 1144.6325778961182,
  "gpt_models/pytorch-vgg16/fp32_inference_step_time_99:4": 1144.0505981445312,
  "gpt_models/pytorch-vgg16/fp32_inference_step_time_99:5": 1171.7660427093506,
  "gpt_models/pytorch-vgg16/fp32_inference_step_time_99:6": 1153.3021926879883,
  "gpt_models/pytorch-vgg16/fp32_inference_step_time_99:7": 1126.4517307281494,
  "gpt_models/pytorch-vgg16/fp32_inference_step_time_99.9:0": 1191.5478706359863,
  "gpt_models/pytorch-vgg16/fp32_inference_step_time_99.9:1": 1184.2718124389648,
  "gpt_models/pytorch-vgg16/fp32_inference_step_time_99.9:2": 1140.9897804260254,
  "gpt_models/pytorch-vgg16/fp32_inference_step_time_99.9:3": 1146.012306213379,
  "gpt_models/pytorch-vgg16/fp32_inference_step_time_99.9:4": 1152.0850658416748,
  "gpt_models/pytorch-vgg16/fp32_inference_step_time_99.9:5": 1235.208511352539,
  "gpt_models/pytorch-vgg16/fp32_inference_step_time_99.9:6": 1158.2746505737305,
  "gpt_models/pytorch-vgg16/fp32_inference_step_time_99.9:7": 1128.2551288604736,
  "gpt_models/pytorch-vgg16/fp32_inference_throughput_50:0": 1785.8389199780927,
  "gpt_models/pytorch-vgg16/fp32_inference_throughput_50:1": 1765.6823172042177,
  "gpt_models/pytorch-vgg16/fp32_inference_throughput_50:2": 1752.422385734997,
  "gpt_models/pytorch-vgg16/fp32_inference_throughput_50:3": 1779.4106082126154,
  "gpt_models/pytorch-vgg16/fp32_inference_throughput_50:4": 1777.274013683969,
  "gpt_models/pytorch-vgg16/fp32_inference_throughput_50:5": 1777.0774383985117,
  "gpt_models/pytorch-vgg16/fp32_inference_throughput_50:6": 1776.3644254450676,
  "gpt_models/pytorch-vgg16/fp32_inference_throughput_50:7": 1764.5860411932756,
  "gpt_models/pytorch-vgg16/fp32_inference_throughput_90:0": 1832.4417978729984,
  "gpt_models/pytorch-vgg16/fp32_inference_throughput_90:1": 1787.686125294062,
  "gpt_models/pytorch-vgg16/fp32_inference_throughput_90:2": 1770.0775382854863,
  "gpt_models/pytorch-vgg16/fp32_inference_throughput_90:3": 1826.2482560623034,
  "gpt_models/pytorch-vgg16/fp32_inference_throughput_90:4": 1817.5978046079147,
  "gpt_models/pytorch-vgg16/fp32_inference_throughput_90:5": 1821.049713846319,
  "gpt_models/pytorch-vgg16/fp32_inference_throughput_90:6": 1823.439356948204,
  "gpt_models/pytorch-vgg16/fp32_inference_throughput_90:7": 1789.9286470246832,
  "gpt_models/pytorch-vgg16/fp32_inference_throughput_95:0": 1837.2332883852512,
  "gpt_models/pytorch-vgg16/fp32_inference_throughput_95:1": 1812.5101580412681,
  "gpt_models/pytorch-vgg16/fp32_inference_throughput_95:2": 1785.0900701117755,
  "gpt_models/pytorch-vgg16/fp32_inference_throughput_95:3": 1835.5778140734017,
  "gpt_models/pytorch-vgg16/fp32_inference_throughput_95:4": 1821.7336739130533,
  "gpt_models/pytorch-vgg16/fp32_inference_throughput_95:5": 1826.8858697458716,
  "gpt_models/pytorch-vgg16/fp32_inference_throughput_95:6": 1828.4917126590115,
  "gpt_models/pytorch-vgg16/fp32_inference_throughput_95:7": 1801.3190089959967,
  "gpt_models/pytorch-vgg16/fp32_inference_throughput_99:0": 1841.5701687533017,
  "gpt_models/pytorch-vgg16/fp32_inference_throughput_99:1": 1831.1462090212904,
  "gpt_models/pytorch-vgg16/fp32_inference_throughput_99:2": 1801.4322072805714,
  "gpt_models/pytorch-vgg16/fp32_inference_throughput_99:3": 1842.610404447323,
  "gpt_models/pytorch-vgg16/fp32_inference_throughput_99:4": 1828.1167215846474,
  "gpt_models/pytorch-vgg16/fp32_inference_throughput_99:5": 1832.4961541203224,
  "gpt_models/pytorch-vgg16/fp32_inference_throughput_99:6": 1836.6045168079331,
  "gpt_models/pytorch-vgg16/fp32_inference_throughput_99:7": 1816.355404214972,
  "gpt_models/pytorch-vgg16/fp32_inference_throughput_99.9:0": 1844.214573945941,
  "gpt_models/pytorch-vgg16/fp32_inference_throughput_99.9:1": 1834.8513133549516,
  "gpt_models/pytorch-vgg16/fp32_inference_throughput_99.9:2": 1807.5595541195405,
  "gpt_models/pytorch-vgg16/fp32_inference_throughput_99.9:3": 1851.1446225319396,
  "gpt_models/pytorch-vgg16/fp32_inference_throughput_99.9:4": 1832.7207765282662,
  "gpt_models/pytorch-vgg16/fp32_inference_throughput_99.9:5": 1842.8042744521658,
  "gpt_models/pytorch-vgg16/fp32_inference_throughput_99.9:6": 1841.7736099529825,
  "gpt_models/pytorch-vgg16/fp32_inference_throughput_99.9:7": 1836.4064476731457,
  "monitor/gpu_temperature:0": 48,
  "monitor/gpu_temperature:1": 46,
  "monitor/gpu_temperature:2": 45,
  "monitor/gpu_temperature:3": 44,
  "monitor/gpu_temperature:4": 42,
  "monitor/gpu_temperature:5": 44,
  "monitor/gpu_temperature:6": 45,
  "monitor/gpu_temperature:7": 45,
  "monitor/gpu_power_limit:0": 500,
  "monitor/gpu_power_limit:1": 500,
  "monitor/gpu_power_limit:2": 500,
  "monitor/gpu_power_limit:3": 500,
  "monitor/gpu_power_limit:4": 500,
  "monitor/gpu_power_limit:5": 500,
  "monitor/gpu_power_limit:6": 500,
  "monitor/gpu_power_limit:7": 500,
  "monitor/gpu_corrected_ecc:0": 0,
  "monitor/gpu_corrected_ecc:1": 0,
  "monitor/gpu_corrected_ecc:2": 0,
  "monitor/gpu_corrected_ecc:3": 0,
  "monitor/gpu_corrected_ecc:4": 0,
  "monitor/gpu_corrected_ecc:5": 0,
  "monitor/gpu_corrected_ecc:6": 0,
  "monitor/gpu_corrected_ecc:7": 0,
  "monitor/gpu_uncorrected_ecc:0": 0,
  "monitor/gpu_uncorrected_ecc:1": 0,
  "monitor/gpu_uncorrected_ecc:2": 0,
  "monitor/gpu_uncorrected_ecc:3": 0,
  "monitor/gpu_uncorrected_ecc:4": 0,
  "monitor/gpu_uncorrected_ecc:5": 0,
  "monitor/gpu_uncorrected_ecc:6": 0,
  "monitor/gpu_uncorrected_ecc:7": 0,
  "monitor/gpu_remap_correctable_error:0": 0,
  "monitor/gpu_remap_uncorrectable_error:0": 0,
  "monitor/gpu_remap_max:0": 640,
  "monitor/gpu_remap_high:0": 0,
  "monitor/gpu_remap_partial:0": 0,
  "monitor/gpu_remap_low:0": 0,
  "monitor/gpu_remap_none:0": 0,
  "monitor/gpu_remap_correctable_error:1": 0,
  "monitor/gpu_remap_uncorrectable_error:1": 0,
  "monitor/gpu_remap_max:1": 640,
  "monitor/gpu_remap_high:1": 0,
  "monitor/gpu_remap_partial:1": 0,
  "monitor/gpu_remap_low:1": 0,
  "monitor/gpu_remap_none:1": 0,
  "monitor/gpu_remap_correctable_error:2": 0,
  "monitor/gpu_remap_uncorrectable_error:2": 0,
  "monitor/gpu_remap_max:2": 640,
  "monitor/gpu_remap_high:2": 0,
  "monitor/gpu_remap_partial:2": 0,
  "monitor/gpu_remap_low:2": 0,
  "monitor/gpu_remap_none:2": 0,
  "monitor/gpu_remap_correctable_error:3": 0,
  "monitor/gpu_remap_uncorrectable_error:3": 0,
  "monitor/gpu_remap_max:3": 640,
  "monitor/gpu_remap_high:3": 0,
  "monitor/gpu_remap_partial:3": 0,
  "monitor/gpu_remap_low:3": 0,
  "monitor/gpu_remap_none:3": 0,
  "monitor/gpu_remap_correctable_error:4": 0,
  "monitor/gpu_remap_uncorrectable_error:4": 0,
  "monitor/gpu_remap_max:4": 640,
  "monitor/gpu_remap_high:4": 0,
  "monitor/gpu_remap_partial:4": 0,
  "monitor/gpu_remap_low:4": 0,
  "monitor/gpu_remap_none:4": 0,
  "monitor/gpu_remap_correctable_error:5": 0,
  "monitor/gpu_remap_uncorrectable_error:5": 0,
  "monitor/gpu_remap_max:5": 640,
  "monitor/gpu_remap_high:5": 0,
  "monitor/gpu_remap_partial:5": 0,
  "monitor/gpu_remap_low:5": 0,
  "monitor/gpu_remap_none:5": 0,
  "monitor/gpu_remap_correctable_error:6": 0,
  "monitor/gpu_remap_uncorrectable_error:6": 0,
  "monitor/gpu_remap_max:6": 640,
  "monitor/gpu_remap_high:6": 0,
  "monitor/gpu_remap_partial:6": 0,
  "monitor/gpu_remap_low:6": 0,
  "monitor/gpu_remap_none:6": 0,
  "monitor/gpu_remap_correctable_error:7": 0,
  "monitor/gpu_remap_uncorrectable_error:7": 0,
  "monitor/gpu_remap_max:7": 640,
  "monitor/gpu_remap_high:7": 0,
  "monitor/gpu_remap_partial:7": 0,
  "monitor/gpu_remap_low:7": 0,
  "monitor/gpu_remap_none:7": 0
}