{
  "gpt_models/pytorch-vgg16/return_code:0": 0,
  "gpt_models/pytorch-vgg16/return_code:1": 0,
  "gpt_models/pytorch-vgg16/return_code:2": 0,
  "gpt_models/pytorch-vgg16/return_code:3": 0,
  "gpt_models/pytorch-vgg16/return_code:4": 0,
  "gpt_models/pytorch-vgg16/return_code:5": 0,
  "gpt_models/pytorch-vgg16/return_code:6": 0,
  "gpt_models/pytorch-vgg16/return_code:7": 0,
  "gpt_models/pytorch-vgg16/fp32_inference_step_time:0": 1044.3928122520447,
  "gpt_models/pytorch-vgg16/fp32_inference_step_time:1": 1044.078619480133,
  "gpt_models/pytorch-vgg16/fp32_inference_step_time:2": 1040.0727581977844,
  "gpt_models/pytorch-vgg16/fp32_inference_step_time:3": 1044.5245909690857,
  "gpt_models/pytorch-vgg16/fp32_inference_step_time:4": 1056.8511724472046,
  "gpt_models/pytorch-vgg16/fp32_inference_step_time:5": 1060.7882571220398,
  "gpt_models/pytorch-vgg16/fp32_inference_step_time:6": 1033.2025289535522,
  "gpt_models/pytorch-vgg16/fp32_inference_step_time:7": 1063.0162262916565,
  "gpt_models/pytorch-vgg16/fp32_inference_throughput:0": 1772.3169041160986,
  "gpt_models/pytorch-vgg16/fp32_inference_throughput:1": 1773.218445716589,
  "gpt_models/pytorch-vgg16/fp32_inference_throughput:2": 1779.4587973589657,
  "gpt_models/pytorch-vgg16/fp32_inference_throughput:3": 1772.4165559931685,
  "gpt_models/pytorch-vgg16/fp32_inference_throughput:4": 1750.9404562877428,
  "gpt_models/pytorch-vgg16/fp32_inference_throughput:5": 1745.232705016785,
  "gpt_models/pytorch-vgg16/fp32_inference_throughput:6": 1791.4474511725941,
  "gpt_models/pytorch-vgg16/fp32_inference_throughput:7": 1740.5925472207637,
  "gpt_models/pytorch-vgg16/fp32_inference_step_time_50:0": 1038.780927658081,
  "gpt_models/pytorch-vgg16/fp32_inference_step_time_50:1": 1038.6724472045898,
  "gpt_models/pytorch-vgg16/fp32_inference_step_time_50:2": 1039.9105548858643,
  "gpt_models/pytorch-vgg16/fp32_inference_step_time_50:3": 1039.3211841583252,
  "gpt_models/pytorch-vgg16/fp32_inference_step_time_50:4": 1052.7169704437256,
  "gpt_models/pytorch-vgg16/fp32_inference_step_time_50:5": 1053.2567501068115,
  "gpt_models/pytorch-vgg16/fp32_inference_step_time_50:6": 1034.5072746276855,
  "gpt_models/pytorch-vgg16/fp32_inference_step_time_50:7": 1061.9561672210693,
  "gpt_models/pytorch-vgg16/fp32_inference_step_time_90:0": 1073.6966133117676,
  "gpt_models/pytorch-vgg16/fp32_inference_step_time_90:1": 1062.4516010284424,
  "gpt_models/pytorch-vgg16/fp32_inference_step_time_90:2": 1058.9232444763184,
  "gpt_models/pytorch-vgg16/fp32_inference_step_time_90:3": 1097.3427295684814,
  "gpt_models/pytorch-vgg16/fp32_inference_step_time_90:4": 1078.758955001831,
  "gpt_models/pytorch-vgg16/fp32_inference_step_time_90:5": 1069.3325996398926,
  "gpt_models/pytorch-vgg16/fp32_inference_step_time_90:6": 1062.4003410339355,
  "gpt_models/pytorch-vgg16/fp32_inference_step_time_90:7": 1077.880620956421,
  "gpt_models/pytorch-vgg16/fp32_inference_step_time_95:0": 1103.2555103302002,
  "gpt_models/pytorch-vgg16/fp32_inference_step_time_95:1": 1079.30326461792,
  "gpt_models/pytorch-vgg16/fp32_inference_step_time_95:2": 1082.8871726989746,
  "gpt_models/pytorch-vgg16/fp32_inference_step_time_95:3": 1104.7637462615967,
  "gpt_models/pytorch-vgg16/fp32_inference_step_time_95:4": 1090.8584594726562,
  "gpt_models/pytorch-vgg16/fp32_inference_step_time_95:5": 1113.7402057647705,
  "gpt_models/pytorch-vgg16/fp32_inference_step_time_95:6": 1084.366798400879,
  "gpt_models/pytorch-vgg16/fp32_inference_step_time_95:7": 1085.5257511138916,
  "gpt_models/pytorch-vgg16/fp32_inference_step_time_99:0": 1114.5696640014648,
  "gpt_models/pytorch-vgg16/fp32_inference_step_time_99:1": 1159.705400466919,
  "gpt_models/pytorch-vgg16/fp32_inference_step_time_99:2": 1108.9286804199219,
  "gpt_models/pytorch-vgg16/fp32_inference_step_time_99:3": 1115.2019500732422,
  "gpt_models/pytorch-vgg16/fp32_inference_step_time_99:4": 1109.1570854187012,
  "gpt_models/pytorch-vgg16/fp32_inference_step_time_99:5": 1191.7598247528076,
  "gpt_models/pytorch-vgg16/fp32_inference_step_time_99:6": 1108.2491874694824,
  "gpt_models/pytorch-vgg16/fp32_inference_step_time_99:7": 1102.3716926574707,
  "gpt_models/pytorch-vgg16/fp32_inference_step_time_99.9:0": 1132.7447891235352,
  "gpt_models/pytorch-vgg16/fp32_inference_step_time_99.9:1": 1243.3154582977295,
  "gpt_models/pytorch-vgg16/fp32_inference_step_time_99.9:2": 1111.9163036346436,
  "gpt_models/pytorch-vgg16/fp32_inference_step_time_99.9:3": 1123.8269805908203,
  "gpt_models/pytorch-vgg16/fp32_inference_step_time_99.9:4": 1145.146131515503,
  "gpt_models/pytorch-vgg16/fp32_inference_step_time_99.9:5": 1246.7901706695557,
  "gpt_models/pytorch-vgg16/fp32_inference_step_time_99.9:6": 1110.0249290466309,
  "gpt_models/pytorch-vgg16/fp32_inference_step_time_99.9:7": 1107.7401638031006,
  "gpt_models/pytorch-vgg16/fp32_inference_throughput_50:0": 1781.1099287231218,
  "gpt_models/pytorch-vgg16/fp32_inference_throughput_50:1": 1781.3773480340817,
  "gpt_models/pytorch-vgg16/fp32_inference_throughput_50:2": 1778.9999722585167,
  "gpt_models/pytorch-vgg16/fp32_inference_throughput_50:3": 1780.693012957734,
  "gpt_models/pytorch-vgg16/fp32_inference_throughput_50:4": 1758.4426732899888,
  "gpt_models/pytorch-vgg16/fp32_inference_throughput_50:5": 1756.5017477950528,
  "gpt_models/pytorch-vgg16/fp32_inference_throughput_50:6": 1788.6087693542145,
  "gpt_models/pytorch-vgg16/fp32_inference_throughput_50:7": 1742.329435798683,
  "gpt_models/pytorch-vgg16/fp32_inference_throughput_90:0": 1806.3387794961689,
  "gpt_models/pytorch-vgg16/fp32_inference_throughput_90:1": 1817.3443340247995,
  "gpt_models/pytorch-vgg16/fp32_inference_throughput_90:2": 1824.6009937239724,
  "gpt_models/pytorch-vgg16/fp32_inference_throughput_90:3": 1826.9478885870712,
  "gpt_models/pytorch-vgg16/fp32_inference_throughput_90:4": 1774.9164061674385,
  "gpt_models/pytorch-vgg16/fp32_inference_throughput_90:5": 1770.4507272926814,
  "gpt_models/pytorch-vgg16/fp32_inference_throughput_90:6": 1834.3240945706864,
  "gpt_models/pytorch-vgg16/fp32_inference_throughput_90:7": 1767.1834973709047,
  "gpt_models/pytorch-vgg16/fp32_inference_throughput_95:0": 1833.598916400292,
  "gpt_models/pytorch-vgg16/fp32_inference_throughput_95:1": 1824.4353968751088,
  "gpt_models/pytorch-vgg16/fp32_inference_throughput_95:2": 1831.8686969081298,
  "gpt_models/pytorch-vgg16/fp32_inference_throughput_95:3": 1832.3449713404696,
  "gpt_models/pytorch-vgg16/fp32_inference_throughput_95:4": 1776.6948347261662,
  "gpt_models/pytorch-vgg16/fp32_inference_throughput_95:5": 1775.6922017911934,
  "gpt_models/pytorch-vgg16/fp32_inference_throughput_95:6": 1837.82670461947,
  "gpt_models/pytorch-vgg16/fp32_inference_throughput_95:7": 1770.072703473803,
  "gpt_models/pytorch-vgg16/fp32_inference_throughput_99:0": 1844.7577315800897,
  "gpt_models/pytorch-vgg16/fp32_inference_throughput_99:1": 1834.173636891191,
  "gpt_models/pytorch-vgg16/fp32_inference_throughput_99:2": 1843.1701302137892,
  "gpt_models/pytorch-vgg16/fp32_inference_throughput_99:3": 1836.00552164862,
  "gpt_models/pytorch-vgg16/fp32_inference_throughput_99:4": 1781.2845190829883,
  "gpt_models/pytorch-vgg16/fp32_inference_throughput_99:5": 1784.5918337307544,
  "gpt_models/pytorch-vgg16/fp32_inference_throughput_99:6": 1842.3854466159137,
  "gpt_models/pytorch-vgg16/fp32_inference_throughput_99:7": 1774.8153183578254,
  "gpt_models/pytorch-vgg16/fp32_inference_throughput_99.9:0": 1846.8042123381733,
  "gpt_models/pytorch-vgg16/fp32_inference_throughput_99.9:1": 1836.6304396194314,
  "gpt_models/pytorch-vgg16/fp32_inference_throughput_99.9:2": 1848.7543631004996,
  "gpt_models/pytorch-vgg16/fp32_inference_throughput_99.9:3": 1839.8556466853036,
  "gpt_models/pytorch-vgg16/fp32_inference_throughput_99.9:4": 1782.6558542017306,
  "gpt_models/pytorch-vgg16/fp32_inference_throughput_99.9:5": 1800.4458268412632,
  "gpt_models/pytorch-vgg16/fp32_inference_throughput_99.9:6": 1844.9072988733399,
  "gpt_models/pytorch-vgg16/fp32_inference_throughput_99.9:7": 1779.98102904254,
  "monitor/gpu_temperature:0": 48,
  "monitor/gpu_temperature:1": 45,
  "monitor/gpu_temperature:2": 45,
  "monitor/gpu_temperature:3": 44,
  "monitor/gpu_temperature:4": 42,
  "monitor/gpu_temperature:5": 43,
  "monitor/gpu_temperature:6": 44,
  "monitor/gpu_temperature:7": 44,
  "monitor/gpu_power_limit:0": 500,
  "monitor/gpu_power_limit:1": 500,
  "monitor/gpu_power_limit:2": 500,
  "monitor/gpu_power_limit:3": 500,
  "monitor/gpu_power_limit:4": 500,
  "monitor/gpu_power_limit:5": 500,
  "monitor/gpu_power_limit:6": 500,
  "monitor/gpu_power_limit:7": 500,
  "monitor/gpu_corrected_ecc:0": 0,
  "monitor/gpu_corrected_ecc:1": 0,
  "monitor/gpu_corrected_ecc:2": 0,
  "monitor/gpu_corrected_ecc:3": 0,
  "monitor/gpu_corrected_ecc:4": 0,
  "monitor/gpu_corrected_ecc:5": 0,
  "monitor/gpu_corrected_ecc:6": 0,
  "monitor/gpu_corrected_ecc:7": 0,
  "monitor/gpu_uncorrected_ecc:0": 0,
  "monitor/gpu_uncorrected_ecc:1": 0,
  "monitor/gpu_uncorrected_ecc:2": 0,
  "monitor/gpu_uncorrected_ecc:3": 0,
  "monitor/gpu_uncorrected_ecc:4": 0,
  "monitor/gpu_uncorrected_ecc:5": 0,
  "monitor/gpu_uncorrected_ecc:6": 0,
  "monitor/gpu_uncorrected_ecc:7": 0,
  "monitor/gpu_remap_correctable_error:0": 0,
  "monitor/gpu_remap_uncorrectable_error:0": 0,
  "monitor/gpu_remap_max:0": 640,
  "monitor/gpu_remap_high:0": 0,
  "monitor/gpu_remap_partial:0": 0,
  "monitor/gpu_remap_low:0": 0,
  "monitor/gpu_remap_none:0": 0,
  "monitor/gpu_remap_correctable_error:1": 0,
  "monitor/gpu_remap_uncorrectable_error:1": 0,
  "monitor/gpu_remap_max:1": 640,
  "monitor/gpu_remap_high:1": 0,
  "monitor/gpu_remap_partial:1": 0,
  "monitor/gpu_remap_low:1": 0,
  "monitor/gpu_remap_none:1": 0,
  "monitor/gpu_remap_correctable_error:2": 0,
  "monitor/gpu_remap_uncorrectable_error:2": 0,
  "monitor/gpu_remap_max:2": 640,
  "monitor/gpu_remap_high:2": 0,
  "monitor/gpu_remap_partial:2": 0,
  "monitor/gpu_remap_low:2": 0,
  "monitor/gpu_remap_none:2": 0,
  "monitor/gpu_remap_correctable_error:3": 0,
  "monitor/gpu_remap_uncorrectable_error:3": 0,
  "monitor/gpu_remap_max:3": 640,
  "monitor/gpu_remap_high:3": 0,
  "monitor/gpu_remap_partial:3": 0,
  "monitor/gpu_remap_low:3": 0,
  "monitor/gpu_remap_none:3": 0,
  "monitor/gpu_remap_correctable_error:4": 0,
  "monitor/gpu_remap_uncorrectable_error:4": 0,
  "monitor/gpu_remap_max:4": 640,
  "monitor/gpu_remap_high:4": 0,
  "monitor/gpu_remap_partial:4": 0,
  "monitor/gpu_remap_low:4": 0,
  "monitor/gpu_remap_none:4": 0,
  "monitor/gpu_remap_correctable_error:5": 0,
  "monitor/gpu_remap_uncorrectable_error:5": 0,
  "monitor/gpu_remap_max:5": 640,
  "monitor/gpu_remap_high:5": 0,
  "monitor/gpu_remap_partial:5": 0,
  "monitor/gpu_remap_low:5": 0,
  "monitor/gpu_remap_none:5": 0,
  "monitor/gpu_remap_correctable_error:6": 0,
  "monitor/gpu_remap_uncorrectable_error:6": 0,
  "monitor/gpu_remap_max:6": 640,
  "monitor/gpu_remap_high:6": 0,
  "monitor/gpu_remap_partial:6": 0,
  "monitor/gpu_remap_low:6": 0,
  "monitor/gpu_remap_none:6": 0,
  "monitor/gpu_remap_correctable_error:7": 0,
  "monitor/gpu_remap_uncorrectable_error:7": 0,
  "monitor/gpu_remap_max:7": 640,
  "monitor/gpu_remap_high:7": 0,
  "monitor/gpu_remap_partial:7": 0,
  "monitor/gpu_remap_low:7": 0,
  "monitor/gpu_remap_none:7": 0
}