{
  "gpt_models/pytorch-vgg16/return_code:0": 0,
  "gpt_models/pytorch-vgg16/return_code:1": 0,
  "gpt_models/pytorch-vgg16/return_code:2": 0,
  "gpt_models/pytorch-vgg16/return_code:3": 0,
  "gpt_models/pytorch-vgg16/return_code:4": 0,
  "gpt_models/pytorch-vgg16/return_code:5": 0,
  "gpt_models/pytorch-vgg16/return_code:6": 0,
  "gpt_models/pytorch-vgg16/return_code:7": 0,
  "gpt_models/pytorch-vgg16/fp32_inference_step_time:0": 1.5607428550720215,
  "gpt_models/pytorch-vgg16/fp32_inference_step_time:1": 1.4931941032409668,
  "gpt_models/pytorch-vgg16/fp32_inference_step_time:2": 1.5837931632995605,
  "gpt_models/pytorch-vgg16/fp32_inference_step_time:3": 1.5524959564208984,
  "gpt_models/pytorch-vgg16/fp32_inference_step_time:4": 1.5324735641479492,
  "gpt_models/pytorch-vgg16/fp32_inference_step_time:5": 1.5096139907836914,
  "gpt_models/pytorch-vgg16/fp32_inference_step_time:6": 1.5212726593017578,
  "gpt_models/pytorch-vgg16/fp32_inference_step_time:7": 1.5446090698242188,
  "gpt_models/pytorch-vgg16/fp32_inference_throughput:0": 648.4409716068454,
  "gpt_models/pytorch-vgg16/fp32_inference_throughput:1": 669.7896566284563,
  "gpt_models/pytorch-vgg16/fp32_inference_throughput:2": 638.4218195904001,
  "gpt_models/pytorch-vgg16/fp32_inference_throughput:3": 646.9408581011263,
  "gpt_models/pytorch-vgg16/fp32_inference_throughput:4": 653.5591774695242,
  "gpt_models/pytorch-vgg16/fp32_inference_throughput:5": 665.0428430998039,
  "gpt_models/pytorch-vgg16/fp32_inference_throughput:6": 658.5002463815541,
  "gpt_models/pytorch-vgg16/fp32_inference_throughput:7": 661.5780799614269,
  "gpt_models/pytorch-vgg16/fp32_inference_step_time_50:0": 1.5010833740234375,
  "gpt_models/pytorch-vgg16/fp32_inference_step_time_50:1": 1.4903545379638672,
  "gpt_models/pytorch-vgg16/fp32_inference_step_time_50:2": 1.522064208984375,
  "gpt_models/pytorch-vgg16/fp32_inference_step_time_50:3": 1.5196800231933594,
  "gpt_models/pytorch-vgg16/fp32_inference_step_time_50:4": 1.4960765838623047,
  "gpt_models/pytorch-vgg16/fp32_inference_step_time_50:5": 1.4934539794921875,
  "gpt_models/pytorch-vgg16/fp32_inference_step_time_50:6": 1.500844955444336,
  "gpt_models/pytorch-vgg16/fp32_inference_step_time_50:7": 1.485586166381836,
  "gpt_models/pytorch-vgg16/fp32_inference_step_time_90:0": 1.7232894897460938,
  "gpt_models/pytorch-vgg16/fp32_inference_step_time_90:1": 1.5108585357666016,
  "gpt_models/pytorch-vgg16/fp32_inference_step_time_90:2": 1.718759536743164,
  "gpt_models/pytorch-vgg16/fp32_inference_step_time_90:3": 1.6798973083496094,
  "gpt_models/pytorch-vgg16/fp32_inference_step_time_90:4": 1.6133785247802734,
  "gpt_models/pytorch-vgg16/fp32_inference_step_time_90:5": 1.5099048614501953,
  "gpt_models/pytorch-vgg16/fp32_inference_step_time_90:6": 1.6498565673828125,
  "gpt_models/pytorch-vgg16/fp32_inference_step_time_90:7": 1.5528202056884766,
  "gpt_models/pytorch-vgg16/fp32_inference_step_time_95:0": 1.7349720001220703,
  "gpt_models/pytorch-vgg16/fp32_inference_step_time_95:1": 1.5189647674560547,
  "gpt_models/pytorch-vgg16/fp32_inference_step_time_95:2": 1.7757415771484375,
  "gpt_models/pytorch-vgg16/fp32_inference_step_time_95:3": 1.7011165618896484,
  "gpt_models/pytorch-vgg16/fp32_inference_step_time_95:4": 1.6171932220458984,
  "gpt_models/pytorch-vgg16/fp32_inference_step_time_95:5": 1.516103744506836,
  "gpt_models/pytorch-vgg16/fp32_inference_step_time_95:6": 1.6922950744628906,
  "gpt_models/pytorch-vgg16/fp32_inference_step_time_95:7": 1.6169548034667969,
  "gpt_models/pytorch-vgg16/fp32_inference_step_time_99:0": 2.786397933959961,
  "gpt_models/pytorch-vgg16/fp32_inference_step_time_99:1": 1.5606880187988281,
  "gpt_models/pytorch-vgg16/fp32_inference_step_time_99:2": 2.7790069580078125,
  "gpt_models/pytorch-vgg16/fp32_inference_step_time_99:3": 1.7402172088623047,
  "gpt_models/pytorch-vgg16/fp32_inference_step_time_99:4": 1.638174057006836,
  "gpt_models/pytorch-vgg16/fp32_inference_step_time_99:5": 1.6732215881347656,
  "gpt_models/pytorch-vgg16/fp32_inference_step_time_99:6": 1.7206668853759766,
  "gpt_models/pytorch-vgg16/fp32_inference_step_time_99:7": 2.9506683349609375,
  "gpt_models/pytorch-vgg16/fp32_inference_step_time_99.9:0": 3.2567977905273438,
  "gpt_models/pytorch-vgg16/fp32_inference_step_time_99.9:1": 1.5752315521240234,
  "gpt_models/pytorch-vgg16/fp32_inference_step_time_99.9:2": 3.132343292236328,
  "gpt_models/pytorch-vgg16/fp32_inference_step_time_99.9:3": 2.634286880493164,
  "gpt_models/pytorch-vgg16/fp32_inference_step_time_99.9:4": 1.683950424194336,
  "gpt_models/pytorch-vgg16/fp32_inference_step_time_99.9:5": 2.7382373809814453,
  "gpt_models/pytorch-vgg16/fp32_inference_step_time_99.9:6": 1.7399787902832031,
  "gpt_models/pytorch-vgg16/fp32_inference_step_time_99.9:7": 5.019664764404297,
  "gpt_models/pytorch-vgg16/fp32_inference_throughput_50:0": 666.1855146124524,
  "gpt_models/pytorch-vgg16/fp32_inference_throughput_50:1": 671.1960313650184,
  "gpt_models/pytorch-vgg16/fp32_inference_throughput_50:2": 657.1054363152123,
  "gpt_models/pytorch-vgg16/fp32_inference_throughput_50:3": 658.0332601192343,
  "gpt_models/pytorch-vgg16/fp32_inference_throughput_50:4": 669.4818834796488,
  "gpt_models/pytorch-vgg16/fp32_inference_throughput_50:5": 669.5887611749681,
  "gpt_models/pytorch-vgg16/fp32_inference_throughput_50:6": 666.8209856915739,
  "gpt_models/pytorch-vgg16/fp32_inference_throughput_50:7": 673.7837751004016,
  "gpt_models/pytorch-vgg16/fp32_inference_throughput_90:0": 671.4109172402754,
  "gpt_models/pytorch-vgg16/fp32_inference_throughput_90:1": 677.374677002584,
  "gpt_models/pytorch-vgg16/fp32_inference_throughput_90:2": 665.7625396825397,
  "gpt_models/pytorch-vgg16/fp32_inference_throughput_90:3": 666.3972036860503,
  "gpt_models/pytorch-vgg16/fp32_inference_throughput_90:4": 677.8125404007757,
  "gpt_models/pytorch-vgg16/fp32_inference_throughput_90:5": 674.7593307593307,
  "gpt_models/pytorch-vgg16/fp32_inference_throughput_90:6": 676.9373789541639,
  "gpt_models/pytorch-vgg16/fp32_inference_throughput_90:7": 689.0593067192377,
  "gpt_models/pytorch-vgg16/fp32_inference_throughput_95:0": 672.0564012177535,
  "gpt_models/pytorch-vgg16/fp32_inference_throughput_95:1": 677.8125404007757,
  "gpt_models/pytorch-vgg16/fp32_inference_throughput_95:2": 667.0330788804072,
  "gpt_models/pytorch-vgg16/fp32_inference_throughput_95:3": 667.3514717581544,
  "gpt_models/pytorch-vgg16/fp32_inference_throughput_95:4": 678.5801650218411,
  "gpt_models/pytorch-vgg16/fp32_inference_throughput_95:5": 675.8466000644538,
  "gpt_models/pytorch-vgg16/fp32_inference_throughput_95:6": 685.3437908496732,
  "gpt_models/pytorch-vgg16/fp32_inference_throughput_95:7": 695.2269186142881,
  "gpt_models/pytorch-vgg16/fp32_inference_throughput_99:0": 672.9189796245788,
  "gpt_models/pytorch-vgg16/fp32_inference_throughput_99:1": 679.1295336787565,
  "gpt_models/pytorch-vgg16/fp32_inference_throughput_99:2": 669.2682304132759,
  "gpt_models/pytorch-vgg16/fp32_inference_throughput_99:3": 669.6956730001597,
  "gpt_models/pytorch-vgg16/fp32_inference_throughput_99:4": 680.5620639299043,
  "gpt_models/pytorch-vgg16/fp32_inference_throughput_99:5": 676.6097757702855,
  "gpt_models/pytorch-vgg16/fp32_inference_throughput_99:6": 692.2436045552072,
  "gpt_models/pytorch-vgg16/fp32_inference_throughput_99:7": 699.5170113408939,
  "gpt_models/pytorch-vgg16/fp32_inference_throughput_99.9:0": 673.0269576379974,
  "gpt_models/pytorch-vgg16/fp32_inference_throughput_99.9:1": 680.3412814274128,
  "gpt_models/pytorch-vgg16/fp32_inference_throughput_99.9:2": 670.8739603326935,
  "gpt_models/pytorch-vgg16/fp32_inference_throughput_99.9:3": 670.230744646852,
  "gpt_models/pytorch-vgg16/fp32_inference_throughput_99.9:4": 681.5573610659734,
  "gpt_models/pytorch-vgg16/fp32_inference_throughput_99.9:5": 677.7030214897399,
  "gpt_models/pytorch-vgg16/fp32_inference_throughput_99.9:6": 696.6125228367381,
  "gpt_models/pytorch-vgg16/fp32_inference_throughput_99.9:7": 702.0930699698695,
  "monitor/gpu_temperature:0": 28,
  "monitor/gpu_temperature:1": 28,
  "monitor/gpu_temperature:2": 27,
  "monitor/gpu_temperature:3": 26,
  "monitor/gpu_temperature:4": 26,
  "monitor/gpu_temperature:5": 25,
  "monitor/gpu_temperature:6": 29,
  "monitor/gpu_temperature:7": 28,
  "monitor/gpu_power_limit:0": 500,
  "monitor/gpu_power_limit:1": 500,
  "monitor/gpu_power_limit:2": 500,
  "monitor/gpu_power_limit:3": 500,
  "monitor/gpu_power_limit:4": 500,
  "monitor/gpu_power_limit:5": 500,
  "monitor/gpu_power_limit:6": 500,
  "monitor/gpu_power_limit:7": 500,
  "monitor/gpu_corrected_ecc:0": 0,
  "monitor/gpu_corrected_ecc:1": 0,
  "monitor/gpu_corrected_ecc:2": 0,
  "monitor/gpu_corrected_ecc:3": 0,
  "monitor/gpu_corrected_ecc:4": 0,
  "monitor/gpu_corrected_ecc:5": 0,
  "monitor/gpu_corrected_ecc:6": 0,
  "monitor/gpu_corrected_ecc:7": 0,
  "monitor/gpu_uncorrected_ecc:0": 0,
  "monitor/gpu_uncorrected_ecc:1": 0,
  "monitor/gpu_uncorrected_ecc:2": 0,
  "monitor/gpu_uncorrected_ecc:3": 0,
  "monitor/gpu_uncorrected_ecc:4": 0,
  "monitor/gpu_uncorrected_ecc:5": 0,
  "monitor/gpu_uncorrected_ecc:6": 0,
  "monitor/gpu_uncorrected_ecc:7": 0,
  "monitor/gpu_remap_correctable_error:0": 0,
  "monitor/gpu_remap_uncorrectable_error:0": 0,
  "monitor/gpu_remap_max:0": 640,
  "monitor/gpu_remap_high:0": 0,
  "monitor/gpu_remap_partial:0": 0,
  "monitor/gpu_remap_low:0": 0,
  "monitor/gpu_remap_none:0": 0,
  "monitor/gpu_remap_correctable_error:1": 0,
  "monitor/gpu_remap_uncorrectable_error:1": 0,
  "monitor/gpu_remap_max:1": 640,
  "monitor/gpu_remap_high:1": 0,
  "monitor/gpu_remap_partial:1": 0,
  "monitor/gpu_remap_low:1": 0,
  "monitor/gpu_remap_none:1": 0,
  "monitor/gpu_remap_correctable_error:2": 0,
  "monitor/gpu_remap_uncorrectable_error:2": 0,
  "monitor/gpu_remap_max:2": 640,
  "monitor/gpu_remap_high:2": 0,
  "monitor/gpu_remap_partial:2": 0,
  "monitor/gpu_remap_low:2": 0,
  "monitor/gpu_remap_none:2": 0,
  "monitor/gpu_remap_correctable_error:3": 0,
  "monitor/gpu_remap_uncorrectable_error:3": 0,
  "monitor/gpu_remap_max:3": 640,
  "monitor/gpu_remap_high:3": 0,
  "monitor/gpu_remap_partial:3": 0,
  "monitor/gpu_remap_low:3": 0,
  "monitor/gpu_remap_none:3": 0,
  "monitor/gpu_remap_correctable_error:4": 0,
  "monitor/gpu_remap_uncorrectable_error:4": 0,
  "monitor/gpu_remap_max:4": 640,
  "monitor/gpu_remap_high:4": 0,
  "monitor/gpu_remap_partial:4": 0,
  "monitor/gpu_remap_low:4": 0,
  "monitor/gpu_remap_none:4": 0,
  "monitor/gpu_remap_correctable_error:5": 0,
  "monitor/gpu_remap_uncorrectable_error:5": 0,
  "monitor/gpu_remap_max:5": 640,
  "monitor/gpu_remap_high:5": 0,
  "monitor/gpu_remap_partial:5": 0,
  "monitor/gpu_remap_low:5": 0,
  "monitor/gpu_remap_none:5": 0,
  "monitor/gpu_remap_correctable_error:6": 0,
  "monitor/gpu_remap_uncorrectable_error:6": 0,
  "monitor/gpu_remap_max:6": 640,
  "monitor/gpu_remap_high:6": 0,
  "monitor/gpu_remap_partial:6": 0,
  "monitor/gpu_remap_low:6": 0,
  "monitor/gpu_remap_none:6": 0,
  "monitor/gpu_remap_correctable_error:7": 0,
  "monitor/gpu_remap_uncorrectable_error:7": 0,
  "monitor/gpu_remap_max:7": 640,
  "monitor/gpu_remap_high:7": 0,
  "monitor/gpu_remap_partial:7": 0,
  "monitor/gpu_remap_low:7": 0,
  "monitor/gpu_remap_none:7": 0
}