{
  "gpt_models/pytorch-bert-base/return_code:0": 0,
  "gpt_models/pytorch-bert-base/return_code:1": 0,
  "gpt_models/pytorch-bert-base/return_code:2": 0,
  "gpt_models/pytorch-bert-base/return_code:3": 0,
  "gpt_models/pytorch-bert-base/return_code:4": 0,
  "gpt_models/pytorch-bert-base/return_code:5": 0,
  "gpt_models/pytorch-bert-base/return_code:6": 0,
  "gpt_models/pytorch-bert-base/return_code:7": 0,
  "gpt_models/pytorch-bert-base/fp32_inference_step_time:0": 3853.6157274246216,
  "gpt_models/pytorch-bert-base/fp32_inference_step_time:1": 3847.473006248474,
  "gpt_models/pytorch-bert-base/fp32_inference_step_time:2": 3854.2684602737427,
  "gpt_models/pytorch-bert-base/fp32_inference_step_time:3": 3852.884519100189,
  "gpt_models/pytorch-bert-base/fp32_inference_step_time:4": 3841.471173763275,
  "gpt_models/pytorch-bert-base/fp32_inference_step_time:5": 3843.523235321045,
  "gpt_models/pytorch-bert-base/fp32_inference_step_time:6": 3846.9544649124146,
  "gpt_models/pytorch-bert-base/fp32_inference_step_time:7": 3841.980199813843,
  "gpt_models/pytorch-bert-base/fp32_inference_throughput:0": 544.9444370250488,
  "gpt_models/pytorch-bert-base/fp32_inference_throughput:1": 545.8128740120436,
  "gpt_models/pytorch-bert-base/fp32_inference_throughput:2": 544.850585622441,
  "gpt_models/pytorch-bert-base/fp32_inference_throughput:3": 545.0462580497685,
  "gpt_models/pytorch-bert-base/fp32_inference_throughput:4": 546.6656213758238,
  "gpt_models/pytorch-bert-base/fp32_inference_throughput:5": 546.3737609865447,
  "gpt_models/pytorch-bert-base/fp32_inference_throughput:6": 545.8864043615835,
  "gpt_models/pytorch-bert-base/fp32_inference_throughput:7": 546.593208731334,
  "gpt_models/pytorch-bert-base/fp32_inference_step_time_50:0": 3852.9202938079834,
  "gpt_models/pytorch-bert-base/fp32_inference_step_time_50:1": 3847.4960327148438,
  "gpt_models/pytorch-bert-base/fp32_inference_step_time_50:2": 3854.1665077209473,
  "gpt_models/pytorch-bert-base/fp32_inference_step_time_50:3": 3852.8778553009033,
  "gpt_models/pytorch-bert-base/fp32_inference_step_time_50:4": 3841.3305282592773,
  "gpt_models/pytorch-bert-base/fp32_inference_step_time_50:5": 3843.6172008514404,
  "gpt_models/pytorch-bert-base/fp32_inference_step_time_50:6": 3846.862316131592,
  "gpt_models/pytorch-bert-base/fp32_inference_step_time_50:7": 3842.1318531036377,
  "gpt_models/pytorch-bert-base/fp32_inference_step_time_90:0": 3854.3002605438232,
  "gpt_models/pytorch-bert-base/fp32_inference_step_time_90:1": 3849.419116973877,
  "gpt_models/pytorch-bert-base/fp32_inference_step_time_90:2": 3856.54878616333,
  "gpt_models/pytorch-bert-base/fp32_inference_step_time_90:3": 3854.3457984924316,
  "gpt_models/pytorch-bert-base/fp32_inference_step_time_90:4": 3843.0678844451904,
  "gpt_models/pytorch-bert-base/fp32_inference_step_time_90:5": 3845.081567764282,
  "gpt_models/pytorch-bert-base/fp32_inference_step_time_90:6": 3848.1285572052,
  "gpt_models/pytorch-bert-base/fp32_inference_step_time_90:7": 3843.7132835388184,
  "gpt_models/pytorch-bert-base/fp32_inference_step_time_95:0": 3854.8505306243896,
  "gpt_models/pytorch-bert-base/fp32_inference_step_time_95:1": 3849.637031555176,
  "gpt_models/pytorch-bert-base/fp32_inference_step_time_95:2": 3857.2683334350586,
  "gpt_models/pytorch-bert-base/fp32_inference_step_time_95:3": 3855.346202850342,
  "gpt_models/pytorch-bert-base/fp32_inference_step_time_95:4": 3843.674898147583,
  "gpt_models/pytorch-bert-base/fp32_inference_step_time_95:5": 3845.2999591827393,
  "gpt_models/pytorch-bert-base/fp32_inference_step_time_95:6": 3848.666191101074,
  "gpt_models/pytorch-bert-base/fp32_inference_step_time_95:7": 3844.0167903900146,
  "gpt_models/pytorch-bert-base/fp32_inference_step_time_99:0": 3855.3762435913086,
  "gpt_models/pytorch-bert-base/fp32_inference_step_time_99:1": 3851.4440059661865,
  "gpt_models/pytorch-bert-base/fp32_inference_step_time_99:2": 3857.9585552215576,
  "gpt_models/pytorch-bert-base/fp32_inference_step_time_99:3": 3855.9954166412354,
  "gpt_models/pytorch-bert-base/fp32_inference_step_time_99:4": 3844.2633152008057,
  "gpt_models/pytorch-bert-base/fp32_inference_step_time_99:5": 3845.776081085205,
  "gpt_models/pytorch-bert-base/fp32_inference_step_time_99:6": 3849.221706390381,
  "gpt_models/pytorch-bert-base/fp32_inference_step_time_99:7": 3844.937324523926,
  "gpt_models/pytorch-bert-base/fp32_inference_step_time_99.9:0": 3920.567274093628,
  "gpt_models/pytorch-bert-base/fp32_inference_step_time_99.9:1": 3852.102518081665,
  "gpt_models/pytorch-bert-base/fp32_inference_step_time_99.9:2": 3858.2229614257812,
  "gpt_models/pytorch-bert-base/fp32_inference_step_time_99.9:3": 3856.6486835479736,
  "gpt_models/pytorch-bert-base/fp32_inference_step_time_99.9:4": 3845.2439308166504,
  "gpt_models/pytorch-bert-base/fp32_inference_step_time_99.9:5": 3847.3422527313232,
  "gpt_models/pytorch-bert-base/fp32_inference_step_time_99.9:6": 3850.56734085083,
  "gpt_models/pytorch-bert-base/fp32_inference_step_time_99.9:7": 3845.132350921631,
  "gpt_models/pytorch-bert-base/fp32_inference_throughput_50:0": 545.0426734746375,
  "gpt_models/pytorch-bert-base/fp32_inference_throughput_50:1": 545.8163956755021,
  "gpt_models/pytorch-bert-base/fp32_inference_throughput_50:2": 544.8678871249974,
  "gpt_models/pytorch-bert-base/fp32_inference_throughput_50:3": 545.047968715076,
  "gpt_models/pytorch-bert-base/fp32_inference_throughput_50:4": 546.6877156243202,
  "gpt_models/pytorch-bert-base/fp32_inference_throughput_50:5": 546.3627121728747,
  "gpt_models/pytorch-bert-base/fp32_inference_throughput_50:6": 545.9038086727053,
  "gpt_models/pytorch-bert-base/fp32_inference_throughput_50:7": 546.581328036664,
  "gpt_models/pytorch-bert-base/fp32_inference_throughput_90:0": 545.2161545455743,
  "gpt_models/pytorch-bert-base/fp32_inference_throughput_90:1": 546.0262136074,
  "gpt_models/pytorch-bert-base/fp32_inference_throughput_90:2": 545.1651311476029,
  "gpt_models/pytorch-bert-base/fp32_inference_throughput_90:3": 545.2740061127624,
  "gpt_models/pytorch-bert-base/fp32_inference_throughput_90:4": 546.8675423421586,
  "gpt_models/pytorch-bert-base/fp32_inference_throughput_90:5": 546.6161301323,
  "gpt_models/pytorch-bert-base/fp32_inference_throughput_90:6": 546.0471670362036,
  "gpt_models/pytorch-bert-base/fp32_inference_throughput_90:7": 546.8415351652403,
  "gpt_models/pytorch-bert-base/fp32_inference_throughput_95:0": 545.2633394398681,
  "gpt_models/pytorch-bert-base/fp32_inference_throughput_95:1": 546.1966295573314,
  "gpt_models/pytorch-bert-base/fp32_inference_throughput_95:2": 545.2185507203316,
  "gpt_models/pytorch-bert-base/fp32_inference_throughput_95:3": 545.3726588565861,
  "gpt_models/pytorch-bert-base/fp32_inference_throughput_95:4": 546.9425220435567,
  "gpt_models/pytorch-bert-base/fp32_inference_throughput_95:5": 546.6943322916311,
  "gpt_models/pytorch-bert-base/fp32_inference_throughput_95:6": 546.092701435905,
  "gpt_models/pytorch-bert-base/fp32_inference_throughput_95:7": 546.9360012533274,
  "gpt_models/pytorch-bert-base/fp32_inference_throughput_99:0": 545.3982563307378,
  "gpt_models/pytorch-bert-base/fp32_inference_throughput_99:1": 546.2340587853936,
  "gpt_models/pytorch-bert-base/fp32_inference_throughput_99:2": 545.3365968358604,
  "gpt_models/pytorch-bert-base/fp32_inference_throughput_99:3": 545.5588525550012,
  "gpt_models/pytorch-bert-base/fp32_inference_throughput_99:4": 547.1110636828787,
  "gpt_models/pytorch-bert-base/fp32_inference_throughput_99:5": 546.7584713673123,
  "gpt_models/pytorch-bert-base/fp32_inference_throughput_99:6": 546.2181041613787,
  "gpt_models/pytorch-bert-base/fp32_inference_throughput_99:7": 547.0235354483741,
  "gpt_models/pytorch-bert-base/fp32_inference_throughput_99.9:0": 545.4294628342034,
  "gpt_models/pytorch-bert-base/fp32_inference_throughput_99.9:1": 546.3209279079089,
  "gpt_models/pytorch-bert-base/fp32_inference_throughput_99.9:2": 545.4076111523233,
  "gpt_models/pytorch-bert-base/fp32_inference_throughput_99.9:3": 545.6244830202686,
  "gpt_models/pytorch-bert-base/fp32_inference_throughput_99.9:4": 547.1144620828597,
  "gpt_models/pytorch-bert-base/fp32_inference_throughput_99.9:5": 546.9853525562326,
  "gpt_models/pytorch-bert-base/fp32_inference_throughput_99.9:6": 546.2608890444036,
  "gpt_models/pytorch-bert-base/fp32_inference_throughput_99.9:7": 547.0518703279067,
  "monitor/gpu_temperature:0": 58,
  "monitor/gpu_temperature:1": 53,
  "monitor/gpu_temperature:2": 53,
  "monitor/gpu_temperature:3": 52,
  "monitor/gpu_temperature:4": 50,
  "monitor/gpu_temperature:5": 52,
  "monitor/gpu_temperature:6": 52,
  "monitor/gpu_temperature:7": 53,
  "monitor/gpu_power_limit:0": 500,
  "monitor/gpu_power_limit:1": 500,
  "monitor/gpu_power_limit:2": 500,
  "monitor/gpu_power_limit:3": 500,
  "monitor/gpu_power_limit:4": 500,
  "monitor/gpu_power_limit:5": 500,
  "monitor/gpu_power_limit:6": 500,
  "monitor/gpu_power_limit:7": 500,
  "monitor/gpu_corrected_ecc:0": 0,
  "monitor/gpu_corrected_ecc:1": 0,
  "monitor/gpu_corrected_ecc:2": 0,
  "monitor/gpu_corrected_ecc:3": 0,
  "monitor/gpu_corrected_ecc:4": 0,
  "monitor/gpu_corrected_ecc:5": 0,
  "monitor/gpu_corrected_ecc:6": 0,
  "monitor/gpu_corrected_ecc:7": 0,
  "monitor/gpu_uncorrected_ecc:0": 0,
  "monitor/gpu_uncorrected_ecc:1": 0,
  "monitor/gpu_uncorrected_ecc:2": 0,
  "monitor/gpu_uncorrected_ecc:3": 0,
  "monitor/gpu_uncorrected_ecc:4": 0,
  "monitor/gpu_uncorrected_ecc:5": 0,
  "monitor/gpu_uncorrected_ecc:6": 0,
  "monitor/gpu_uncorrected_ecc:7": 0,
  "monitor/gpu_remap_correctable_error:0": 0,
  "monitor/gpu_remap_uncorrectable_error:0": 0,
  "monitor/gpu_remap_max:0": 640,
  "monitor/gpu_remap_high:0": 0,
  "monitor/gpu_remap_partial:0": 0,
  "monitor/gpu_remap_low:0": 0,
  "monitor/gpu_remap_none:0": 0,
  "monitor/gpu_remap_correctable_error:1": 0,
  "monitor/gpu_remap_uncorrectable_error:1": 0,
  "monitor/gpu_remap_max:1": 640,
  "monitor/gpu_remap_high:1": 0,
  "monitor/gpu_remap_partial:1": 0,
  "monitor/gpu_remap_low:1": 0,
  "monitor/gpu_remap_none:1": 0,
  "monitor/gpu_remap_correctable_error:2": 0,
  "monitor/gpu_remap_uncorrectable_error:2": 0,
  "monitor/gpu_remap_max:2": 640,
  "monitor/gpu_remap_high:2": 0,
  "monitor/gpu_remap_partial:2": 0,
  "monitor/gpu_remap_low:2": 0,
  "monitor/gpu_remap_none:2": 0,
  "monitor/gpu_remap_correctable_error:3": 0,
  "monitor/gpu_remap_uncorrectable_error:3": 0,
  "monitor/gpu_remap_max:3": 640,
  "monitor/gpu_remap_high:3": 0,
  "monitor/gpu_remap_partial:3": 0,
  "monitor/gpu_remap_low:3": 0,
  "monitor/gpu_remap_none:3": 0,
  "monitor/gpu_remap_correctable_error:4": 0,
  "monitor/gpu_remap_uncorrectable_error:4": 0,
  "monitor/gpu_remap_max:4": 640,
  "monitor/gpu_remap_high:4": 0,
  "monitor/gpu_remap_partial:4": 0,
  "monitor/gpu_remap_low:4": 0,
  "monitor/gpu_remap_none:4": 0,
  "monitor/gpu_remap_correctable_error:5": 0,
  "monitor/gpu_remap_uncorrectable_error:5": 0,
  "monitor/gpu_remap_max:5": 640,
  "monitor/gpu_remap_high:5": 0,
  "monitor/gpu_remap_partial:5": 0,
  "monitor/gpu_remap_low:5": 0,
  "monitor/gpu_remap_none:5": 0,
  "monitor/gpu_remap_correctable_error:6": 0,
  "monitor/gpu_remap_uncorrectable_error:6": 0,
  "monitor/gpu_remap_max:6": 640,
  "monitor/gpu_remap_high:6": 0,
  "monitor/gpu_remap_partial:6": 0,
  "monitor/gpu_remap_low:6": 0,
  "monitor/gpu_remap_none:6": 0,
  "monitor/gpu_remap_correctable_error:7": 0,
  "monitor/gpu_remap_uncorrectable_error:7": 0,
  "monitor/gpu_remap_max:7": 640,
  "monitor/gpu_remap_high:7": 0,
  "monitor/gpu_remap_partial:7": 0,
  "monitor/gpu_remap_low:7": 0,
  "monitor/gpu_remap_none:7": 0
}