{
  "gpt_models/pytorch-vgg16/return_code:0": 0,
  "gpt_models/pytorch-vgg16/return_code:1": 0,
  "gpt_models/pytorch-vgg16/return_code:2": 0,
  "gpt_models/pytorch-vgg16/return_code:3": 0,
  "gpt_models/pytorch-vgg16/return_code:4": 0,
  "gpt_models/pytorch-vgg16/return_code:5": 0,
  "gpt_models/pytorch-vgg16/return_code:6": 0,
  "gpt_models/pytorch-vgg16/return_code:7": 0,
  "gpt_models/pytorch-vgg16/fp32_inference_step_time:0": 1148.5846328735352,
  "gpt_models/pytorch-vgg16/fp32_inference_step_time:1": 1149.073669910431,
  "gpt_models/pytorch-vgg16/fp32_inference_step_time:2": 1157.5944662094116,
  "gpt_models/pytorch-vgg16/fp32_inference_step_time:3": 1149.4781303405762,
  "gpt_models/pytorch-vgg16/fp32_inference_step_time:4": 1163.1337571144104,
  "gpt_models/pytorch-vgg16/fp32_inference_step_time:5": 1157.0118522644043,
  "gpt_models/pytorch-vgg16/fp32_inference_step_time:6": 1160.2570486068726,
  "gpt_models/pytorch-vgg16/fp32_inference_step_time:7": 1147.7538537979126,
  "gpt_models/pytorch-vgg16/fp32_inference_throughput:0": 1783.7453544527139,
  "gpt_models/pytorch-vgg16/fp32_inference_throughput:1": 1782.8599835803138,
  "gpt_models/pytorch-vgg16/fp32_inference_throughput:2": 1769.4908065139089,
  "gpt_models/pytorch-vgg16/fp32_inference_throughput:3": 1782.0670891691739,
  "gpt_models/pytorch-vgg16/fp32_inference_throughput:4": 1761.2353288575598,
  "gpt_models/pytorch-vgg16/fp32_inference_throughput:5": 1772.0711311714556,
  "gpt_models/pytorch-vgg16/fp32_inference_throughput:6": 1765.9002563616107,
  "gpt_models/pytorch-vgg16/fp32_inference_throughput:7": 1784.9089177501148,
  "gpt_models/pytorch-vgg16/fp32_inference_step_time_50:0": 1145.2744007110596,
  "gpt_models/pytorch-vgg16/fp32_inference_step_time_50:1": 1151.127576828003,
  "gpt_models/pytorch-vgg16/fp32_inference_step_time_50:2": 1158.3256721496582,
  "gpt_models/pytorch-vgg16/fp32_inference_step_time_50:3": 1148.697853088379,
  "gpt_models/pytorch-vgg16/fp32_inference_step_time_50:4": 1162.226676940918,
  "gpt_models/pytorch-vgg16/fp32_inference_step_time_50:5": 1151.073932647705,
  "gpt_models/pytorch-vgg16/fp32_inference_step_time_50:6": 1161.5490913391113,
  "gpt_models/pytorch-vgg16/fp32_inference_step_time_50:7": 1149.6193408966064,
  "gpt_models/pytorch-vgg16/fp32_inference_step_time_90:0": 1165.3809547424316,
  "gpt_models/pytorch-vgg16/fp32_inference_step_time_90:1": 1173.0749607086182,
  "gpt_models/pytorch-vgg16/fp32_inference_step_time_90:2": 1172.9085445404053,
  "gpt_models/pytorch-vgg16/fp32_inference_step_time_90:3": 1167.2289371490479,
  "gpt_models/pytorch-vgg16/fp32_inference_step_time_90:4": 1184.2670440673828,
  "gpt_models/pytorch-vgg16/fp32_inference_step_time_90:5": 1177.727222442627,
  "gpt_models/pytorch-vgg16/fp32_inference_step_time_90:6": 1183.4566593170166,
  "gpt_models/pytorch-vgg16/fp32_inference_step_time_90:7": 1165.5492782592773,
  "gpt_models/pytorch-vgg16/fp32_inference_step_time_95:0": 1201.0860443115234,
  "gpt_models/pytorch-vgg16/fp32_inference_step_time_95:1": 1181.3559532165527,
  "gpt_models/pytorch-vgg16/fp32_inference_step_time_95:2": 1180.4368495941162,
  "gpt_models/pytorch-vgg16/fp32_inference_step_time_95:3": 1175.2519607543945,
  "gpt_models/pytorch-vgg16/fp32_inference_step_time_95:4": 1204.3039798736572,
  "gpt_models/pytorch-vgg16/fp32_inference_step_time_95:5": 1198.4500885009766,
  "gpt_models/pytorch-vgg16/fp32_inference_step_time_95:6": 1210.294246673584,
  "gpt_models/pytorch-vgg16/fp32_inference_step_time_95:7": 1176.5081882476807,
  "gpt_models/pytorch-vgg16/fp32_inference_step_time_99:0": 1228.2359600067139,
  "gpt_models/pytorch-vgg16/fp32_inference_step_time_99:1": 1192.157506942749,
  "gpt_models/pytorch-vgg16/fp32_inference_step_time_99:2": 1201.5457153320312,
  "gpt_models/pytorch-vgg16/fp32_inference_step_time_99:3": 1200.6416320800781,
  "gpt_models/pytorch-vgg16/fp32_inference_step_time_99:4": 1216.6714668273926,
  "gpt_models/pytorch-vgg16/fp32_inference_step_time_99:5": 1288.5847091674805,
  "gpt_models/pytorch-vgg16/fp32_inference_step_time_99:6": 1230.963945388794,
  "gpt_models/pytorch-vgg16/fp32_inference_step_time_99:7": 1227.5562286376953,
  "gpt_models/pytorch-vgg16/fp32_inference_step_time_99.9:0": 1236.8791103363037,
  "gpt_models/pytorch-vgg16/fp32_inference_step_time_99.9:1": 1231.6920757293701,
  "gpt_models/pytorch-vgg16/fp32_inference_step_time_99.9:2": 1222.6784229278564,
  "gpt_models/pytorch-vgg16/fp32_inference_step_time_99.9:3": 1214.9245738983154,
  "gpt_models/pytorch-vgg16/fp32_inference_step_time_99.9:4": 1218.2135581970215,
  "gpt_models/pytorch-vgg16/fp32_inference_step_time_99.9:5": 1510.8911991119385,
  "gpt_models/pytorch-vgg16/fp32_inference_step_time_99.9:6": 1246.5333938598633,
  "gpt_models/pytorch-vgg16/fp32_inference_step_time_99.9:7": 1240.9553527832031,
  "gpt_models/pytorch-vgg16/fp32_inference_throughput_50:0": 1788.316767231625,
  "gpt_models/pytorch-vgg16/fp32_inference_throughput_50:1": 1781.0082515839483,
  "gpt_models/pytorch-vgg16/fp32_inference_throughput_50:2": 1768.1358482083954,
  "gpt_models/pytorch-vgg16/fp32_inference_throughput_50:3": 1783.219957600976,
  "gpt_models/pytorch-vgg16/fp32_inference_throughput_50:4": 1762.4485607312802,
  "gpt_models/pytorch-vgg16/fp32_inference_throughput_50:5": 1779.481529296828,
  "gpt_models/pytorch-vgg16/fp32_inference_throughput_50:6": 1763.3849102370714,
  "gpt_models/pytorch-vgg16/fp32_inference_throughput_50:7": 1782.18219020033,
  "gpt_models/pytorch-vgg16/fp32_inference_throughput_90:0": 1825.0428361424122,
  "gpt_models/pytorch-vgg16/fp32_inference_throughput_90:1": 1827.3606673682593,
  "gpt_models/pytorch-vgg16/fp32_inference_throughput_90:2": 1800.858085432184,
  "gpt_models/pytorch-vgg16/fp32_inference_throughput_90:3": 1820.826469040839,
  "gpt_models/pytorch-vgg16/fp32_inference_throughput_90:4": 1791.284861921957,
  "gpt_models/pytorch-vgg16/fp32_inference_throughput_90:5": 1822.0705097869688,
  "gpt_models/pytorch-vgg16/fp32_inference_throughput_90:6": 1818.5498134013958,
  "gpt_models/pytorch-vgg16/fp32_inference_throughput_90:7": 1822.0411368689968,
  "gpt_models/pytorch-vgg16/fp32_inference_throughput_95:0": 1832.8994496565474,
  "gpt_models/pytorch-vgg16/fp32_inference_throughput_95:1": 1829.91943010038,
  "gpt_models/pytorch-vgg16/fp32_inference_throughput_95:2": 1809.9939804072453,
  "gpt_models/pytorch-vgg16/fp32_inference_throughput_95:3": 1829.2351464549195,
  "gpt_models/pytorch-vgg16/fp32_inference_throughput_95:4": 1804.7434633227745,
  "gpt_models/pytorch-vgg16/fp32_inference_throughput_95:5": 1826.8892479837073,
  "gpt_models/pytorch-vgg16/fp32_inference_throughput_95:6": 1825.46752555674,
  "gpt_models/pytorch-vgg16/fp32_inference_throughput_95:7": 1824.8722403377164,
  "gpt_models/pytorch-vgg16/fp32_inference_throughput_99:0": 1839.4525952967902,
  "gpt_models/pytorch-vgg16/fp32_inference_throughput_99:1": 1841.4427657437589,
  "gpt_models/pytorch-vgg16/fp32_inference_throughput_99:2": 1816.8677663418348,
  "gpt_models/pytorch-vgg16/fp32_inference_throughput_99:3": 1846.2702031643464,
  "gpt_models/pytorch-vgg16/fp32_inference_throughput_99:4": 1833.5661258565956,
  "gpt_models/pytorch-vgg16/fp32_inference_throughput_99:5": 1838.5903559529472,
  "gpt_models/pytorch-vgg16/fp32_inference_throughput_99:6": 1835.9978857008873,
  "gpt_models/pytorch-vgg16/fp32_inference_throughput_99:7": 1840.000281035943,
  "gpt_models/pytorch-vgg16/fp32_inference_throughput_99.9:0": 1846.5623136763595,
  "gpt_models/pytorch-vgg16/fp32_inference_throughput_99.9:1": 1844.3135434192072,
  "gpt_models/pytorch-vgg16/fp32_inference_throughput_99.9:2": 1828.949660066145,
  "gpt_models/pytorch-vgg16/fp32_inference_throughput_99.9:3": 1848.1375713308005,
  "gpt_models/pytorch-vgg16/fp32_inference_throughput_99.9:4": 1834.0084967122104,
  "gpt_models/pytorch-vgg16/fp32_inference_throughput_99.9:5": 1845.773906660716,
  "gpt_models/pytorch-vgg16/fp32_inference_throughput_99.9:6": 1839.901752353764,
  "gpt_models/pytorch-vgg16/fp32_inference_throughput_99.9:7": 1844.0930056819536,
  "monitor/gpu_temperature:0": 48,
  "monitor/gpu_temperature:1": 47,
  "monitor/gpu_temperature:2": 46,
  "monitor/gpu_temperature:3": 45,
  "monitor/gpu_temperature:4": 41,
  "monitor/gpu_temperature:5": 45,
  "monitor/gpu_temperature:6": 44,
  "monitor/gpu_temperature:7": 47,
  "monitor/gpu_power_limit:0": 500,
  "monitor/gpu_power_limit:1": 500,
  "monitor/gpu_power_limit:2": 500,
  "monitor/gpu_power_limit:3": 500,
  "monitor/gpu_power_limit:4": 500,
  "monitor/gpu_power_limit:5": 500,
  "monitor/gpu_power_limit:6": 500,
  "monitor/gpu_power_limit:7": 500,
  "monitor/gpu_corrected_ecc:0": 0,
  "monitor/gpu_corrected_ecc:1": 0,
  "monitor/gpu_corrected_ecc:2": 0,
  "monitor/gpu_corrected_ecc:3": 0,
  "monitor/gpu_corrected_ecc:4": 0,
  "monitor/gpu_corrected_ecc:5": 0,
  "monitor/gpu_corrected_ecc:6": 0,
  "monitor/gpu_corrected_ecc:7": 0,
  "monitor/gpu_uncorrected_ecc:0": 0,
  "monitor/gpu_uncorrected_ecc:1": 0,
  "monitor/gpu_uncorrected_ecc:2": 0,
  "monitor/gpu_uncorrected_ecc:3": 0,
  "monitor/gpu_uncorrected_ecc:4": 0,
  "monitor/gpu_uncorrected_ecc:5": 0,
  "monitor/gpu_uncorrected_ecc:6": 0,
  "monitor/gpu_uncorrected_ecc:7": 0,
  "monitor/gpu_remap_correctable_error:0": 0,
  "monitor/gpu_remap_uncorrectable_error:0": 0,
  "monitor/gpu_remap_max:0": 640,
  "monitor/gpu_remap_high:0": 0,
  "monitor/gpu_remap_partial:0": 0,
  "monitor/gpu_remap_low:0": 0,
  "monitor/gpu_remap_none:0": 0,
  "monitor/gpu_remap_correctable_error:1": 0,
  "monitor/gpu_remap_uncorrectable_error:1": 0,
  "monitor/gpu_remap_max:1": 640,
  "monitor/gpu_remap_high:1": 0,
  "monitor/gpu_remap_partial:1": 0,
  "monitor/gpu_remap_low:1": 0,
  "monitor/gpu_remap_none:1": 0,
  "monitor/gpu_remap_correctable_error:2": 0,
  "monitor/gpu_remap_uncorrectable_error:2": 0,
  "monitor/gpu_remap_max:2": 640,
  "monitor/gpu_remap_high:2": 0,
  "monitor/gpu_remap_partial:2": 0,
  "monitor/gpu_remap_low:2": 0,
  "monitor/gpu_remap_none:2": 0,
  "monitor/gpu_remap_correctable_error:3": 0,
  "monitor/gpu_remap_uncorrectable_error:3": 0,
  "monitor/gpu_remap_max:3": 640,
  "monitor/gpu_remap_high:3": 0,
  "monitor/gpu_remap_partial:3": 0,
  "monitor/gpu_remap_low:3": 0,
  "monitor/gpu_remap_none:3": 0,
  "monitor/gpu_remap_correctable_error:4": 0,
  "monitor/gpu_remap_uncorrectable_error:4": 0,
  "monitor/gpu_remap_max:4": 640,
  "monitor/gpu_remap_high:4": 0,
  "monitor/gpu_remap_partial:4": 0,
  "monitor/gpu_remap_low:4": 0,
  "monitor/gpu_remap_none:4": 0,
  "monitor/gpu_remap_correctable_error:5": 0,
  "monitor/gpu_remap_uncorrectable_error:5": 0,
  "monitor/gpu_remap_max:5": 640,
  "monitor/gpu_remap_high:5": 0,
  "monitor/gpu_remap_partial:5": 0,
  "monitor/gpu_remap_low:5": 0,
  "monitor/gpu_remap_none:5": 0,
  "monitor/gpu_remap_correctable_error:6": 0,
  "monitor/gpu_remap_uncorrectable_error:6": 0,
  "monitor/gpu_remap_max:6": 640,
  "monitor/gpu_remap_high:6": 0,
  "monitor/gpu_remap_partial:6": 0,
  "monitor/gpu_remap_low:6": 0,
  "monitor/gpu_remap_none:6": 0,
  "monitor/gpu_remap_correctable_error:7": 0,
  "monitor/gpu_remap_uncorrectable_error:7": 0,
  "monitor/gpu_remap_max:7": 640,
  "monitor/gpu_remap_high:7": 0,
  "monitor/gpu_remap_partial:7": 0,
  "monitor/gpu_remap_low:7": 0,
  "monitor/gpu_remap_none:7": 0
}