{
  "gpt_models/pytorch-vgg16/return_code:0": 0,
  "gpt_models/pytorch-vgg16/return_code:1": 0,
  "gpt_models/pytorch-vgg16/return_code:2": 0,
  "gpt_models/pytorch-vgg16/return_code:3": 0,
  "gpt_models/pytorch-vgg16/return_code:4": 0,
  "gpt_models/pytorch-vgg16/return_code:5": 0,
  "gpt_models/pytorch-vgg16/return_code:6": 0,
  "gpt_models/pytorch-vgg16/return_code:7": 0,
  "gpt_models/pytorch-vgg16/fp32_inference_step_time:0": 73.27428340911865,
  "gpt_models/pytorch-vgg16/fp32_inference_step_time:1": 74.84263181686401,
  "gpt_models/pytorch-vgg16/fp32_inference_step_time:2": 75.04266738891602,
  "gpt_models/pytorch-vgg16/fp32_inference_step_time:3": 75.6469988822937,
  "gpt_models/pytorch-vgg16/fp32_inference_step_time:4": 73.53286981582642,
  "gpt_models/pytorch-vgg16/fp32_inference_step_time:5": 72.82632112503052,
  "gpt_models/pytorch-vgg16/fp32_inference_step_time:6": 73.35021257400513,
  "gpt_models/pytorch-vgg16/fp32_inference_step_time:7": 73.12472105026245,
  "gpt_models/pytorch-vgg16/fp32_inference_throughput:0": 1747.3237980741965,
  "gpt_models/pytorch-vgg16/fp32_inference_throughput:1": 1713.5240736101512,
  "gpt_models/pytorch-vgg16/fp32_inference_throughput:2": 1709.4425161816905,
  "gpt_models/pytorch-vgg16/fp32_inference_throughput:3": 1695.2460795067516,
  "gpt_models/pytorch-vgg16/fp32_inference_throughput:4": 1740.9933812879638,
  "gpt_models/pytorch-vgg16/fp32_inference_throughput:5": 1758.2211476450375,
  "gpt_models/pytorch-vgg16/fp32_inference_throughput:6": 1745.5361378099478,
  "gpt_models/pytorch-vgg16/fp32_inference_throughput:7": 1751.137008751093,
  "gpt_models/pytorch-vgg16/fp32_inference_step_time_50:0": 73.14181327819824,
  "gpt_models/pytorch-vgg16/fp32_inference_step_time_50:1": 73.04763793945312,
  "gpt_models/pytorch-vgg16/fp32_inference_step_time_50:2": 73.32253456115723,
  "gpt_models/pytorch-vgg16/fp32_inference_step_time_50:3": 74.0504264831543,
  "gpt_models/pytorch-vgg16/fp32_inference_step_time_50:4": 73.62937927246094,
  "gpt_models/pytorch-vgg16/fp32_inference_step_time_50:5": 72.85356521606445,
  "gpt_models/pytorch-vgg16/fp32_inference_step_time_50:6": 72.97468185424805,
  "gpt_models/pytorch-vgg16/fp32_inference_step_time_50:7": 72.95489311218262,
  "gpt_models/pytorch-vgg16/fp32_inference_step_time_90:0": 74.48387145996094,
  "gpt_models/pytorch-vgg16/fp32_inference_step_time_90:1": 81.12645149230957,
  "gpt_models/pytorch-vgg16/fp32_inference_step_time_90:2": 82.85188674926758,
  "gpt_models/pytorch-vgg16/fp32_inference_step_time_90:3": 82.14306831359863,
  "gpt_models/pytorch-vgg16/fp32_inference_step_time_90:4": 74.493408203125,
  "gpt_models/pytorch-vgg16/fp32_inference_step_time_90:5": 74.32246208190918,
  "gpt_models/pytorch-vgg16/fp32_inference_step_time_90:6": 74.73206520080566,
  "gpt_models/pytorch-vgg16/fp32_inference_step_time_90:7": 73.99868965148926,
  "gpt_models/pytorch-vgg16/fp32_inference_step_time_95:0": 75.22940635681152,
  "gpt_models/pytorch-vgg16/fp32_inference_step_time_95:1": 81.91180229187012,
  "gpt_models/pytorch-vgg16/fp32_inference_step_time_95:2": 83.60099792480469,
  "gpt_models/pytorch-vgg16/fp32_inference_step_time_95:3": 82.87572860717773,
  "gpt_models/pytorch-vgg16/fp32_inference_step_time_95:4": 74.91135597229004,
  "gpt_models/pytorch-vgg16/fp32_inference_step_time_95:5": 74.84745979309082,
  "gpt_models/pytorch-vgg16/fp32_inference_step_time_95:6": 75.53672790527344,
  "gpt_models/pytorch-vgg16/fp32_inference_step_time_95:7": 75.00886917114258,
  "gpt_models/pytorch-vgg16/fp32_inference_step_time_99:0": 76.49445533752441,
  "gpt_models/pytorch-vgg16/fp32_inference_step_time_99:1": 84.00797843933105,
  "gpt_models/pytorch-vgg16/fp32_inference_step_time_99:2": 84.6242904663086,
  "gpt_models/pytorch-vgg16/fp32_inference_step_time_99:3": 83.53161811828613,
  "gpt_models/pytorch-vgg16/fp32_inference_step_time_99:4": 76.2796401977539,
  "gpt_models/pytorch-vgg16/fp32_inference_step_time_99:5": 76.06673240661621,
  "gpt_models/pytorch-vgg16/fp32_inference_step_time_99:6": 78.69601249694824,
  "gpt_models/pytorch-vgg16/fp32_inference_step_time_99:7": 79.65278625488281,
  "gpt_models/pytorch-vgg16/fp32_inference_step_time_99.9:0": 79.47206497192383,
  "gpt_models/pytorch-vgg16/fp32_inference_step_time_99.9:1": 84.02514457702637,
  "gpt_models/pytorch-vgg16/fp32_inference_step_time_99.9:2": 84.84005928039551,
  "gpt_models/pytorch-vgg16/fp32_inference_step_time_99.9:3": 85.25848388671875,
  "gpt_models/pytorch-vgg16/fp32_inference_step_time_99.9:4": 76.3845443725586,
  "gpt_models/pytorch-vgg16/fp32_inference_step_time_99.9:5": 79.70523834228516,
  "gpt_models/pytorch-vgg16/fp32_inference_step_time_99.9:6": 79.30874824523926,
  "gpt_models/pytorch-vgg16/fp32_inference_step_time_99.9:7": 80.65414428710938,
  "gpt_models/pytorch-vgg16/fp32_inference_throughput_50:0": 1750.0592033849132,
  "gpt_models/pytorch-vgg16/fp32_inference_throughput_50:1": 1752.4813594952163,
  "gpt_models/pytorch-vgg16/fp32_inference_throughput_50:2": 1745.813793619256,
  "gpt_models/pytorch-vgg16/fp32_inference_throughput_50:3": 1729.3536138330016,
  "gpt_models/pytorch-vgg16/fp32_inference_throughput_50:4": 1739.4278012493196,
  "gpt_models/pytorch-vgg16/fp32_inference_throughput_50:5": 1757.1387818823907,
  "gpt_models/pytorch-vgg16/fp32_inference_throughput_50:6": 1754.2851839991636,
  "gpt_models/pytorch-vgg16/fp32_inference_throughput_50:7": 1754.7610957310158,
  "gpt_models/pytorch-vgg16/fp32_inference_throughput_90:0": 1790.2977610895098,
  "gpt_models/pytorch-vgg16/fp32_inference_throughput_90:1": 1760.9773051552952,
  "gpt_models/pytorch-vgg16/fp32_inference_throughput_90:2": 1757.0352702459459,
  "gpt_models/pytorch-vgg16/fp32_inference_throughput_90:3": 1744.3389964877397,
  "gpt_models/pytorch-vgg16/fp32_inference_throughput_90:4": 1768.163144859567,
  "gpt_models/pytorch-vgg16/fp32_inference_throughput_90:5": 1815.1941980964616,
  "gpt_models/pytorch-vgg16/fp32_inference_throughput_90:6": 1767.8254535875399,
  "gpt_models/pytorch-vgg16/fp32_inference_throughput_90:7": 1785.7244466914576,
  "gpt_models/pytorch-vgg16/fp32_inference_throughput_95:0": 1797.5026851839452,
  "gpt_models/pytorch-vgg16/fp32_inference_throughput_95:1": 1762.0812393330707,
  "gpt_models/pytorch-vgg16/fp32_inference_throughput_95:2": 1761.9482315566306,
  "gpt_models/pytorch-vgg16/fp32_inference_throughput_95:3": 1748.252668598782,
  "gpt_models/pytorch-vgg16/fp32_inference_throughput_95:4": 1780.5305465918022,
  "gpt_models/pytorch-vgg16/fp32_inference_throughput_95:5": 1823.5484935973643,
  "gpt_models/pytorch-vgg16/fp32_inference_throughput_95:6": 1773.3611854318199,
  "gpt_models/pytorch-vgg16/fp32_inference_throughput_95:7": 1798.7674039924145,
  "gpt_models/pytorch-vgg16/fp32_inference_throughput_99:0": 1805.8038835800514,
  "gpt_models/pytorch-vgg16/fp32_inference_throughput_99:1": 1765.7148983894256,
  "gpt_models/pytorch-vgg16/fp32_inference_throughput_99:2": 1768.3029169191852,
  "gpt_models/pytorch-vgg16/fp32_inference_throughput_99:3": 1753.8840132765336,
  "gpt_models/pytorch-vgg16/fp32_inference_throughput_99:4": 1786.3186068022865,
  "gpt_models/pytorch-vgg16/fp32_inference_throughput_99:5": 1826.9926051964403,
  "gpt_models/pytorch-vgg16/fp32_inference_throughput_99:6": 1788.5859843752603,
  "gpt_models/pytorch-vgg16/fp32_inference_throughput_99:7": 1816.3425965396614,
  "gpt_models/pytorch-vgg16/fp32_inference_throughput_99.9:0": 1807.147225345191,
  "gpt_models/pytorch-vgg16/fp32_inference_throughput_99.9:1": 1765.900750277119,
  "gpt_models/pytorch-vgg16/fp32_inference_throughput_99.9:2": 1771.1439062288657,
  "gpt_models/pytorch-vgg16/fp32_inference_throughput_99.9:3": 1757.1215290960267,
  "gpt_models/pytorch-vgg16/fp32_inference_throughput_99.9:4": 1795.6689956886892,
  "gpt_models/pytorch-vgg16/fp32_inference_throughput_99.9:5": 1827.4652442822667,
  "gpt_models/pytorch-vgg16/fp32_inference_throughput_99.9:6": 1797.2138562686628,
  "gpt_models/pytorch-vgg16/fp32_inference_throughput_99.9:7": 1819.0874320642968,
  "monitor/gpu_temperature:0": 41,
  "monitor/gpu_temperature:1": 37,
  "monitor/gpu_temperature:2": 38,
  "monitor/gpu_temperature:3": 37,
  "monitor/gpu_temperature:4": 37,
  "monitor/gpu_temperature:5": 33,
  "monitor/gpu_temperature:6": 32,
  "monitor/gpu_temperature:7": 36,
  "monitor/gpu_power_limit:0": 500,
  "monitor/gpu_power_limit:1": 500,
  "monitor/gpu_power_limit:2": 500,
  "monitor/gpu_power_limit:3": 500,
  "monitor/gpu_power_limit:4": 500,
  "monitor/gpu_power_limit:5": 500,
  "monitor/gpu_power_limit:6": 500,
  "monitor/gpu_power_limit:7": 500,
  "monitor/gpu_corrected_ecc:0": 0,
  "monitor/gpu_corrected_ecc:1": 0,
  "monitor/gpu_corrected_ecc:2": 0,
  "monitor/gpu_corrected_ecc:3": 0,
  "monitor/gpu_corrected_ecc:4": 0,
  "monitor/gpu_corrected_ecc:5": 0,
  "monitor/gpu_corrected_ecc:6": 0,
  "monitor/gpu_corrected_ecc:7": 0,
  "monitor/gpu_uncorrected_ecc:0": 0,
  "monitor/gpu_uncorrected_ecc:1": 0,
  "monitor/gpu_uncorrected_ecc:2": 0,
  "monitor/gpu_uncorrected_ecc:3": 0,
  "monitor/gpu_uncorrected_ecc:4": 0,
  "monitor/gpu_uncorrected_ecc:5": 0,
  "monitor/gpu_uncorrected_ecc:6": 0,
  "monitor/gpu_uncorrected_ecc:7": 0,
  "monitor/gpu_remap_correctable_error:0": 0,
  "monitor/gpu_remap_uncorrectable_error:0": 0,
  "monitor/gpu_remap_max:0": 640,
  "monitor/gpu_remap_high:0": 0,
  "monitor/gpu_remap_partial:0": 0,
  "monitor/gpu_remap_low:0": 0,
  "monitor/gpu_remap_none:0": 0,
  "monitor/gpu_remap_correctable_error:1": 0,
  "monitor/gpu_remap_uncorrectable_error:1": 0,
  "monitor/gpu_remap_max:1": 640,
  "monitor/gpu_remap_high:1": 0,
  "monitor/gpu_remap_partial:1": 0,
  "monitor/gpu_remap_low:1": 0,
  "monitor/gpu_remap_none:1": 0,
  "monitor/gpu_remap_correctable_error:2": 0,
  "monitor/gpu_remap_uncorrectable_error:2": 0,
  "monitor/gpu_remap_max:2": 640,
  "monitor/gpu_remap_high:2": 0,
  "monitor/gpu_remap_partial:2": 0,
  "monitor/gpu_remap_low:2": 0,
  "monitor/gpu_remap_none:2": 0,
  "monitor/gpu_remap_correctable_error:3": 0,
  "monitor/gpu_remap_uncorrectable_error:3": 0,
  "monitor/gpu_remap_max:3": 640,
  "monitor/gpu_remap_high:3": 0,
  "monitor/gpu_remap_partial:3": 0,
  "monitor/gpu_remap_low:3": 0,
  "monitor/gpu_remap_none:3": 0,
  "monitor/gpu_remap_correctable_error:4": 0,
  "monitor/gpu_remap_uncorrectable_error:4": 0,
  "monitor/gpu_remap_max:4": 640,
  "monitor/gpu_remap_high:4": 0,
  "monitor/gpu_remap_partial:4": 0,
  "monitor/gpu_remap_low:4": 0,
  "monitor/gpu_remap_none:4": 0,
  "monitor/gpu_remap_correctable_error:5": 0,
  "monitor/gpu_remap_uncorrectable_error:5": 0,
  "monitor/gpu_remap_max:5": 640,
  "monitor/gpu_remap_high:5": 0,
  "monitor/gpu_remap_partial:5": 0,
  "monitor/gpu_remap_low:5": 0,
  "monitor/gpu_remap_none:5": 0,
  "monitor/gpu_remap_correctable_error:6": 0,
  "monitor/gpu_remap_uncorrectable_error:6": 0,
  "monitor/gpu_remap_max:6": 640,
  "monitor/gpu_remap_high:6": 0,
  "monitor/gpu_remap_partial:6": 0,
  "monitor/gpu_remap_low:6": 0,
  "monitor/gpu_remap_none:6": 0,
  "monitor/gpu_remap_correctable_error:7": 0,
  "monitor/gpu_remap_uncorrectable_error:7": 0,
  "monitor/gpu_remap_max:7": 640,
  "monitor/gpu_remap_high:7": 0,
  "monitor/gpu_remap_partial:7": 0,
  "monitor/gpu_remap_low:7": 0,
  "monitor/gpu_remap_none:7": 0
}