{
  "gpt_models/pytorch-bert-large/return_code:0": 0,
  "gpt_models/pytorch-bert-large/return_code:1": 0,
  "gpt_models/pytorch-bert-large/return_code:2": 0,
  "gpt_models/pytorch-bert-large/return_code:3": 0,
  "gpt_models/pytorch-bert-large/return_code:4": 0,
  "gpt_models/pytorch-bert-large/return_code:5": 0,
  "gpt_models/pytorch-bert-large/return_code:6": 0,
  "gpt_models/pytorch-bert-large/return_code:7": 0,
  "gpt_models/pytorch-bert-large/fp16_inference_step_time:0": 9733.462781906128,
  "gpt_models/pytorch-bert-large/fp16_inference_step_time:1": 9728.18681716919,
  "gpt_models/pytorch-bert-large/fp16_inference_step_time:2": 9754.462585449219,
  "gpt_models/pytorch-bert-large/fp16_inference_step_time:3": 9750.208899974823,
  "gpt_models/pytorch-bert-large/fp16_inference_step_time:4": 9712.544023990631,
  "gpt_models/pytorch-bert-large/fp16_inference_step_time:5": 9716.698939800262,
  "gpt_models/pytorch-bert-large/fp16_inference_step_time:6": 9731.012716293335,
  "gpt_models/pytorch-bert-large/fp16_inference_step_time:7": 9716.903393268585,
  "gpt_models/pytorch-bert-large/fp16_inference_throughput:0": 318.4889368231662,
  "gpt_models/pytorch-bert-large/fp16_inference_throughput:1": 318.66200303706154,
  "gpt_models/pytorch-bert-large/fp16_inference_throughput:2": 317.80347171640204,
  "gpt_models/pytorch-bert-large/fp16_inference_throughput:3": 317.9420603967598,
  "gpt_models/pytorch-bert-large/fp16_inference_throughput:4": 319.1749833160869,
  "gpt_models/pytorch-bert-large/fp16_inference_throughput:5": 319.0388592011043,
  "gpt_models/pytorch-bert-large/fp16_inference_throughput:6": 318.5691426207314,
  "gpt_models/pytorch-bert-large/fp16_inference_throughput:7": 319.03732393063814,
  "gpt_models/pytorch-bert-large/fp16_inference_step_time_50:0": 9733.28423500061,
  "gpt_models/pytorch-bert-large/fp16_inference_step_time_50:1": 9725.49819946289,
  "gpt_models/pytorch-bert-large/fp16_inference_step_time_50:2": 9751.951694488525,
  "gpt_models/pytorch-bert-large/fp16_inference_step_time_50:3": 9747.344970703125,
  "gpt_models/pytorch-bert-large/fp16_inference_step_time_50:4": 9710.60848236084,
  "gpt_models/pytorch-bert-large/fp16_inference_step_time_50:5": 9714.860916137695,
  "gpt_models/pytorch-bert-large/fp16_inference_step_time_50:6": 9730.684041976929,
  "gpt_models/pytorch-bert-large/fp16_inference_step_time_50:7": 9707.450866699219,
  "gpt_models/pytorch-bert-large/fp16_inference_step_time_90:0": 9735.681533813477,
  "gpt_models/pytorch-bert-large/fp16_inference_step_time_90:1": 9735.905170440674,
  "gpt_models/pytorch-bert-large/fp16_inference_step_time_90:2": 9764.576435089111,
  "gpt_models/pytorch-bert-large/fp16_inference_step_time_90:3": 9760.699272155762,
  "gpt_models/pytorch-bert-large/fp16_inference_step_time_90:4": 9721.307277679443,
  "gpt_models/pytorch-bert-large/fp16_inference_step_time_90:5": 9723.911046981812,
  "gpt_models/pytorch-bert-large/fp16_inference_step_time_90:6": 9734.165906906128,
  "gpt_models/pytorch-bert-large/fp16_inference_step_time_90:7": 9721.776008605957,
  "gpt_models/pytorch-bert-large/fp16_inference_step_time_95:0": 9736.055612564087,
  "gpt_models/pytorch-bert-large/fp16_inference_step_time_95:1": 9738.441944122314,
  "gpt_models/pytorch-bert-large/fp16_inference_step_time_95:2": 9772.841453552246,
  "gpt_models/pytorch-bert-large/fp16_inference_step_time_95:3": 9761.941194534302,
  "gpt_models/pytorch-bert-large/fp16_inference_step_time_95:4": 9723.44946861267,
  "gpt_models/pytorch-bert-large/fp16_inference_step_time_95:5": 9728.236436843872,
  "gpt_models/pytorch-bert-large/fp16_inference_step_time_95:6": 9735.294818878174,
  "gpt_models/pytorch-bert-large/fp16_inference_step_time_95:7": 9735.9938621521,
  "gpt_models/pytorch-bert-large/fp16_inference_step_time_99:0": 9737.07389831543,
  "gpt_models/pytorch-bert-large/fp16_inference_step_time_99:1": 9745.418310165405,
  "gpt_models/pytorch-bert-large/fp16_inference_step_time_99:2": 9778.57494354248,
  "gpt_models/pytorch-bert-large/fp16_inference_step_time_99:3": 9765.459299087524,
  "gpt_models/pytorch-bert-large/fp16_inference_step_time_99:4": 9728.286027908325,
  "gpt_models/pytorch-bert-large/fp16_inference_step_time_99:5": 9732.355833053589,
  "gpt_models/pytorch-bert-large/fp16_inference_step_time_99:6": 9743.523120880127,
  "gpt_models/pytorch-bert-large/fp16_inference_step_time_99:7": 9920.975923538208,
  "gpt_models/pytorch-bert-large/fp16_inference_step_time_99.9:0": 9752.338886260986,
  "gpt_models/pytorch-bert-large/fp16_inference_step_time_99.9:1": 9816.460132598877,
  "gpt_models/pytorch-bert-large/fp16_inference_step_time_99.9:2": 9780.113935470581,
  "gpt_models/pytorch-bert-large/fp16_inference_step_time_99.9:3": 9767.303228378296,
  "gpt_models/pytorch-bert-large/fp16_inference_step_time_99.9:4": 9729.612588882446,
  "gpt_models/pytorch-bert-large/fp16_inference_step_time_99.9:5": 9821.211576461792,
  "gpt_models/pytorch-bert-large/fp16_inference_step_time_99.9:6": 9746.8740940094,
  "gpt_models/pytorch-bert-large/fp16_inference_step_time_99.9:7": 10013.302087783813,
  "gpt_models/pytorch-bert-large/fp16_inference_throughput_50:0": 318.49477288689786,
  "gpt_models/pytorch-bert-large/fp16_inference_throughput_50:1": 318.75090980861575,
  "gpt_models/pytorch-bert-large/fp16_inference_throughput_50:2": 317.8896399946956,
  "gpt_models/pytorch-bert-large/fp16_inference_throughput_50:3": 318.0366759374778,
  "gpt_models/pytorch-bert-large/fp16_inference_throughput_50:4": 319.23849898216866,
  "gpt_models/pytorch-bert-large/fp16_inference_throughput_50:5": 319.10262126009775,
  "gpt_models/pytorch-bert-large/fp16_inference_throughput_50:6": 318.5805978744261,
  "gpt_models/pytorch-bert-large/fp16_inference_throughput_50:7": 319.34335971068185,
  "gpt_models/pytorch-bert-large/fp16_inference_throughput_90:0": 318.5706692147729,
  "gpt_models/pytorch-bert-large/fp16_inference_throughput_90:1": 318.8643411665414,
  "gpt_models/pytorch-bert-large/fp16_inference_throughput_90:2": 318.0491230837262,
  "gpt_models/pytorch-bert-large/fp16_inference_throughput_90:3": 318.17448124328604,
  "gpt_models/pytorch-bert-large/fp16_inference_throughput_90:4": 319.35016776740343,
  "gpt_models/pytorch-bert-large/fp16_inference_throughput_90:5": 319.2772080456621,
  "gpt_models/pytorch-bert-large/fp16_inference_throughput_90:6": 318.6820820877151,
  "gpt_models/pytorch-bert-large/fp16_inference_throughput_90:7": 319.5609767582899,
  "gpt_models/pytorch-bert-large/fp16_inference_throughput_95:0": 318.58335334329746,
  "gpt_models/pytorch-bert-large/fp16_inference_throughput_95:1": 318.8950521014979,
  "gpt_models/pytorch-bert-large/fp16_inference_throughput_95:2": 318.07855668059784,
  "gpt_models/pytorch-bert-large/fp16_inference_throughput_95:3": 318.1825943629915,
  "gpt_models/pytorch-bert-large/fp16_inference_throughput_95:4": 319.37592806513175,
  "gpt_models/pytorch-bert-large/fp16_inference_throughput_95:5": 319.2974678059407,
  "gpt_models/pytorch-bert-large/fp16_inference_throughput_95:6": 318.69182241210217,
  "gpt_models/pytorch-bert-large/fp16_inference_throughput_95:7": 319.63250260816153,
  "gpt_models/pytorch-bert-large/fp16_inference_throughput_99:0": 318.5990674521055,
  "gpt_models/pytorch-bert-large/fp16_inference_throughput_99:1": 318.92560467580404,
  "gpt_models/pytorch-bert-large/fp16_inference_throughput_99:2": 318.09437666911356,
  "gpt_models/pytorch-bert-large/fp16_inference_throughput_99:3": 318.23449074191353,
  "gpt_models/pytorch-bert-large/fp16_inference_throughput_99:4": 319.4173933004003,
  "gpt_models/pytorch-bert-large/fp16_inference_throughput_99:5": 319.3338461729649,
  "gpt_models/pytorch-bert-large/fp16_inference_throughput_99:6": 318.7417597116662,
  "gpt_models/pytorch-bert-large/fp16_inference_throughput_99:7": 319.6697825823303,
  "gpt_models/pytorch-bert-large/fp16_inference_throughput_99.9:0": 318.6028225182996,
  "gpt_models/pytorch-bert-large/fp16_inference_throughput_99.9:1": 318.9531116930057,
  "gpt_models/pytorch-bert-large/fp16_inference_throughput_99.9:2": 318.1065481592362,
  "gpt_models/pytorch-bert-large/fp16_inference_throughput_99.9:3": 318.2475921135712,
  "gpt_models/pytorch-bert-large/fp16_inference_throughput_99.9:4": 319.42631542161774,
  "gpt_models/pytorch-bert-large/fp16_inference_throughput_99.9:5": 319.37833644179847,
  "gpt_models/pytorch-bert-large/fp16_inference_throughput_99.9:6": 318.8301961761884,
  "gpt_models/pytorch-bert-large/fp16_inference_throughput_99.9:7": 319.6873961510474,
  "monitor/gpu_temperature:0": 58,
  "monitor/gpu_temperature:1": 54,
  "monitor/gpu_temperature:2": 53,
  "monitor/gpu_temperature:3": 52,
  "monitor/gpu_temperature:4": 51,
  "monitor/gpu_temperature:5": 53,
  "monitor/gpu_temperature:6": 53,
  "monitor/gpu_temperature:7": 53,
  "monitor/gpu_power_limit:0": 500,
  "monitor/gpu_power_limit:1": 500,
  "monitor/gpu_power_limit:2": 500,
  "monitor/gpu_power_limit:3": 500,
  "monitor/gpu_power_limit:4": 500,
  "monitor/gpu_power_limit:5": 500,
  "monitor/gpu_power_limit:6": 500,
  "monitor/gpu_power_limit:7": 500,
  "monitor/gpu_corrected_ecc:0": 0,
  "monitor/gpu_corrected_ecc:1": 0,
  "monitor/gpu_corrected_ecc:2": 0,
  "monitor/gpu_corrected_ecc:3": 0,
  "monitor/gpu_corrected_ecc:4": 0,
  "monitor/gpu_corrected_ecc:5": 0,
  "monitor/gpu_corrected_ecc:6": 0,
  "monitor/gpu_corrected_ecc:7": 0,
  "monitor/gpu_uncorrected_ecc:0": 0,
  "monitor/gpu_uncorrected_ecc:1": 0,
  "monitor/gpu_uncorrected_ecc:2": 0,
  "monitor/gpu_uncorrected_ecc:3": 0,
  "monitor/gpu_uncorrected_ecc:4": 0,
  "monitor/gpu_uncorrected_ecc:5": 0,
  "monitor/gpu_uncorrected_ecc:6": 0,
  "monitor/gpu_uncorrected_ecc:7": 0,
  "monitor/gpu_remap_correctable_error:0": 0,
  "monitor/gpu_remap_uncorrectable_error:0": 0,
  "monitor/gpu_remap_max:0": 640,
  "monitor/gpu_remap_high:0": 0,
  "monitor/gpu_remap_partial:0": 0,
  "monitor/gpu_remap_low:0": 0,
  "monitor/gpu_remap_none:0": 0,
  "monitor/gpu_remap_correctable_error:1": 0,
  "monitor/gpu_remap_uncorrectable_error:1": 0,
  "monitor/gpu_remap_max:1": 640,
  "monitor/gpu_remap_high:1": 0,
  "monitor/gpu_remap_partial:1": 0,
  "monitor/gpu_remap_low:1": 0,
  "monitor/gpu_remap_none:1": 0,
  "monitor/gpu_remap_correctable_error:2": 0,
  "monitor/gpu_remap_uncorrectable_error:2": 0,
  "monitor/gpu_remap_max:2": 640,
  "monitor/gpu_remap_high:2": 0,
  "monitor/gpu_remap_partial:2": 0,
  "monitor/gpu_remap_low:2": 0,
  "monitor/gpu_remap_none:2": 0,
  "monitor/gpu_remap_correctable_error:3": 0,
  "monitor/gpu_remap_uncorrectable_error:3": 0,
  "monitor/gpu_remap_max:3": 640,
  "monitor/gpu_remap_high:3": 0,
  "monitor/gpu_remap_partial:3": 0,
  "monitor/gpu_remap_low:3": 0,
  "monitor/gpu_remap_none:3": 0,
  "monitor/gpu_remap_correctable_error:4": 0,
  "monitor/gpu_remap_uncorrectable_error:4": 0,
  "monitor/gpu_remap_max:4": 640,
  "monitor/gpu_remap_high:4": 0,
  "monitor/gpu_remap_partial:4": 0,
  "monitor/gpu_remap_low:4": 0,
  "monitor/gpu_remap_none:4": 0,
  "monitor/gpu_remap_correctable_error:5": 0,
  "monitor/gpu_remap_uncorrectable_error:5": 0,
  "monitor/gpu_remap_max:5": 640,
  "monitor/gpu_remap_high:5": 0,
  "monitor/gpu_remap_partial:5": 0,
  "monitor/gpu_remap_low:5": 0,
  "monitor/gpu_remap_none:5": 0,
  "monitor/gpu_remap_correctable_error:6": 0,
  "monitor/gpu_remap_uncorrectable_error:6": 0,
  "monitor/gpu_remap_max:6": 640,
  "monitor/gpu_remap_high:6": 0,
  "monitor/gpu_remap_partial:6": 0,
  "monitor/gpu_remap_low:6": 0,
  "monitor/gpu_remap_none:6": 0,
  "monitor/gpu_remap_correctable_error:7": 0,
  "monitor/gpu_remap_uncorrectable_error:7": 0,
  "monitor/gpu_remap_max:7": 640,
  "monitor/gpu_remap_high:7": 0,
  "monitor/gpu_remap_partial:7": 0,
  "monitor/gpu_remap_low:7": 0,
  "monitor/gpu_remap_none:7": 0
}