{
  "gpt_models/pytorch-vgg16/return_code:0": 0,
  "gpt_models/pytorch-vgg16/return_code:1": 0,
  "gpt_models/pytorch-vgg16/return_code:2": 0,
  "gpt_models/pytorch-vgg16/return_code:3": 0,
  "gpt_models/pytorch-vgg16/return_code:4": 0,
  "gpt_models/pytorch-vgg16/return_code:5": 0,
  "gpt_models/pytorch-vgg16/return_code:6": 0,
  "gpt_models/pytorch-vgg16/return_code:7": 0,
  "gpt_models/pytorch-vgg16/return_code:8": 0,
  "gpt_models/pytorch-vgg16/return_code:9": 0,
  "gpt_models/pytorch-vgg16/return_code:10": 0,
  "gpt_models/pytorch-vgg16/return_code:11": 0,
  "gpt_models/pytorch-vgg16/return_code:12": 0,
  "gpt_models/pytorch-vgg16/return_code:13": 0,
  "gpt_models/pytorch-vgg16/return_code:14": 0,
  "gpt_models/pytorch-vgg16/return_code:15": 0,
  "gpt_models/pytorch-vgg16/return_code:16": 0,
  "gpt_models/pytorch-vgg16/return_code:17": 0,
  "gpt_models/pytorch-vgg16/return_code:18": 0,
  "gpt_models/pytorch-vgg16/return_code:19": 0,
  "gpt_models/pytorch-vgg16/return_code:20": 0,
  "gpt_models/pytorch-vgg16/return_code:21": 0,
  "gpt_models/pytorch-vgg16/return_code:22": 0,
  "gpt_models/pytorch-vgg16/return_code:23": 0,
  "gpt_models/pytorch-vgg16/fp32_inference_step_time:0": 1313.341784477234,
  "gpt_models/pytorch-vgg16/fp32_inference_step_time:1": 1318.945779800415,
  "gpt_models/pytorch-vgg16/fp32_inference_step_time:2": 1313.0908131599426,
  "gpt_models/pytorch-vgg16/fp32_inference_step_time:3": 1317.6887464523315,
  "gpt_models/pytorch-vgg16/fp32_inference_step_time:4": 1324.056487083435,
  "gpt_models/pytorch-vgg16/fp32_inference_step_time:5": 1310.7026410102844,
  "gpt_models/pytorch-vgg16/fp32_inference_step_time:6": 1318.6431503295898,
  "gpt_models/pytorch-vgg16/fp32_inference_step_time:7": 1309.7686529159546,
  "gpt_models/pytorch-vgg16/fp32_inference_step_time:8": 1317.3656606674194,
  "gpt_models/pytorch-vgg16/fp32_inference_step_time:9": 1313.495111465454,
  "gpt_models/pytorch-vgg16/fp32_inference_step_time:10": 1320.6500697135925,
  "gpt_models/pytorch-vgg16/fp32_inference_step_time:11": 1307.906084060669,
  "gpt_models/pytorch-vgg16/fp32_inference_step_time:12": 1316.683566570282,
  "gpt_models/pytorch-vgg16/fp32_inference_step_time:13": 1308.3027958869934,
  "gpt_models/pytorch-vgg16/fp32_inference_step_time:14": 1304.9280071258545,
  "gpt_models/pytorch-vgg16/fp32_inference_step_time:15": 1303.94433259964,
  "gpt_models/pytorch-vgg16/fp32_inference_step_time:16": 1310.257968902588,
  "gpt_models/pytorch-vgg16/fp32_inference_step_time:17": 1313.916449546814,
  "gpt_models/pytorch-vgg16/fp32_inference_step_time:18": 1307.809808254242,
  "gpt_models/pytorch-vgg16/fp32_inference_step_time:19": 1302.3300313949585,
  "gpt_models/pytorch-vgg16/fp32_inference_step_time:20": 1309.6531867980957,
  "gpt_models/pytorch-vgg16/fp32_inference_step_time:21": 1318.5969591140747,
  "gpt_models/pytorch-vgg16/fp32_inference_step_time:22": 1311.0209703445435,
  "gpt_models/pytorch-vgg16/fp32_inference_step_time:23": 1307.548725605011,
  "gpt_models/pytorch-vgg16/fp32_inference_throughput:0": 1752.9185342614446,
  "gpt_models/pytorch-vgg16/fp32_inference_throughput:1": 1745.0688757724986,
  "gpt_models/pytorch-vgg16/fp32_inference_throughput:2": 1752.6879867185905,
  "gpt_models/pytorch-vgg16/fp32_inference_throughput:3": 1748.9591892541393,
  "gpt_models/pytorch-vgg16/fp32_inference_throughput:4": 1741.1831170749026,
  "gpt_models/pytorch-vgg16/fp32_inference_throughput:5": 1755.5723075911671,
  "gpt_models/pytorch-vgg16/fp32_inference_throughput:6": 1745.5161003572732,
  "gpt_models/pytorch-vgg16/fp32_inference_throughput:7": 1756.5779108537288,
  "gpt_models/pytorch-vgg16/fp32_inference_throughput:8": 1748.7294940082597,
  "gpt_models/pytorch-vgg16/fp32_inference_throughput:9": 1753.3534883257482,
  "gpt_models/pytorch-vgg16/fp32_inference_throughput:10": 1746.0742081214507,
  "gpt_models/pytorch-vgg16/fp32_inference_throughput:11": 1761.215864014973,
  "gpt_models/pytorch-vgg16/fp32_inference_throughput:12": 1750.6496938003206,
  "gpt_models/pytorch-vgg16/fp32_inference_throughput:13": 1760.0360194253005,
  "gpt_models/pytorch-vgg16/fp32_inference_throughput:14": 1763.3923970436686,
  "gpt_models/pytorch-vgg16/fp32_inference_throughput:15": 1765.6855905838688,
  "gpt_models/pytorch-vgg16/fp32_inference_throughput:16": 1757.821218498006,
  "gpt_models/pytorch-vgg16/fp32_inference_throughput:17": 1753.4528387386642,
  "gpt_models/pytorch-vgg16/fp32_inference_throughput:18": 1761.3158543737547,
  "gpt_models/pytorch-vgg16/fp32_inference_throughput:19": 1767.3646348166433,
  "gpt_models/pytorch-vgg16/fp32_inference_throughput:20": 1757.082608376129,
  "gpt_models/pytorch-vgg16/fp32_inference_throughput:21": 1745.2530829177606,
  "gpt_models/pytorch-vgg16/fp32_inference_throughput:22": 1755.9681065256864,
  "gpt_models/pytorch-vgg16/fp32_inference_throughput:23": 1760.6970917227702,
  "gpt_models/pytorch-vgg16/fp32_inference_step_time_50:0": 1305.7775497436523,
  "gpt_models/pytorch-vgg16/fp32_inference_step_time_50:1": 1314.070224761963,
  "gpt_models/pytorch-vgg16/fp32_inference_step_time_50:2": 1306.3735961914062,
  "gpt_models/pytorch-vgg16/fp32_inference_step_time_50:3": 1304.2376041412354,
  "gpt_models/pytorch-vgg16/fp32_inference_step_time_50:4": 1311.6977214813232,
  "gpt_models/pytorch-vgg16/fp32_inference_step_time_50:5": 1310.352087020874,
  "gpt_models/pytorch-vgg16/fp32_inference_step_time_50:6": 1309.7450733184814,
  "gpt_models/pytorch-vgg16/fp32_inference_step_time_50:7": 1306.8349361419678,
  "gpt_models/pytorch-vgg16/fp32_inference_step_time_50:8": 1302.0658493041992,
  "gpt_models/pytorch-vgg16/fp32_inference_step_time_50:9": 1306.0455322265625,
  "gpt_models/pytorch-vgg16/fp32_inference_step_time_50:10": 1303.7950992584229,
  "gpt_models/pytorch-vgg16/fp32_inference_step_time_50:11": 1296.7488765716553,
  "gpt_models/pytorch-vgg16/fp32_inference_step_time_50:12": 1303.354263305664,
  "gpt_models/pytorch-vgg16/fp32_inference_step_time_50:13": 1299.8509407043457,
  "gpt_models/pytorch-vgg16/fp32_inference_step_time_50:14": 1302.809476852417,
  "gpt_models/pytorch-vgg16/fp32_inference_step_time_50:15": 1297.4865436553955,
  "gpt_models/pytorch-vgg16/fp32_inference_step_time_50:16": 1297.706127166748,
  "gpt_models/pytorch-vgg16/fp32_inference_step_time_50:17": 1301.3477325439453,
  "gpt_models/pytorch-vgg16/fp32_inference_step_time_50:18": 1299.1247177124023,
  "gpt_models/pytorch-vgg16/fp32_inference_step_time_50:19": 1296.7445850372314,
  "gpt_models/pytorch-vgg16/fp32_inference_step_time_50:20": 1302.1502494812012,
  "gpt_models/pytorch-vgg16/fp32_inference_step_time_50:21": 1313.1687641143799,
  "gpt_models/pytorch-vgg16/fp32_inference_step_time_50:22": 1305.211067199707,
  "gpt_models/pytorch-vgg16/fp32_inference_step_time_50:23": 1304.0175437927246,
  "gpt_models/pytorch-vgg16/fp32_inference_step_time_90:0": 1362.7853393554688,
  "gpt_models/pytorch-vgg16/fp32_inference_step_time_90:1": 1379.0724277496338,
  "gpt_models/pytorch-vgg16/fp32_inference_step_time_90:2": 1342.595100402832,
  "gpt_models/pytorch-vgg16/fp32_inference_step_time_90:3": 1385.887861251831,
  "gpt_models/pytorch-vgg16/fp32_inference_step_time_90:4": 1387.1192932128906,
  "gpt_models/pytorch-vgg16/fp32_inference_step_time_90:5": 1336.5929126739502,
  "gpt_models/pytorch-vgg16/fp32_inference_step_time_90:6": 1372.3793029785156,
  "gpt_models/pytorch-vgg16/fp32_inference_step_time_90:7": 1329.12278175354,
  "gpt_models/pytorch-vgg16/fp32_inference_step_time_90:8": 1362.0212078094482,
  "gpt_models/pytorch-vgg16/fp32_inference_step_time_90:9": 1338.5863304138184,
  "gpt_models/pytorch-vgg16/fp32_inference_step_time_90:10": 1371.2759017944336,
  "gpt_models/pytorch-vgg16/fp32_inference_step_time_90:11": 1383.0342292785645,
  "gpt_models/pytorch-vgg16/fp32_inference_step_time_90:12": 1395.2264785766602,
  "gpt_models/pytorch-vgg16/fp32_inference_step_time_90:13": 1367.53511428833,
  "gpt_models/pytorch-vgg16/fp32_inference_step_time_90:14": 1327.9712200164795,
  "gpt_models/pytorch-vgg16/fp32_inference_step_time_90:15": 1355.2131652832031,
  "gpt_models/pytorch-vgg16/fp32_inference_step_time_90:16": 1367.5227165222168,
  "gpt_models/pytorch-vgg16/fp32_inference_step_time_90:17": 1376.751184463501,
  "gpt_models/pytorch-vgg16/fp32_inference_step_time_90:18": 1357.9521179199219,
  "gpt_models/pytorch-vgg16/fp32_inference_step_time_90:19": 1343.1601524353027,
  "gpt_models/pytorch-vgg16/fp32_inference_step_time_90:20": 1354.1443347930908,
  "gpt_models/pytorch-vgg16/fp32_inference_step_time_90:21": 1362.4072074890137,
  "gpt_models/pytorch-vgg16/fp32_inference_step_time_90:22": 1350.3882884979248,
  "gpt_models/pytorch-vgg16/fp32_inference_step_time_90:23": 1331.8781852722168,
  "gpt_models/pytorch-vgg16/fp32_inference_step_time_95:0": 1379.3997764587402,
  "gpt_models/pytorch-vgg16/fp32_inference_step_time_95:1": 1391.0253047943115,
  "gpt_models/pytorch-vgg16/fp32_inference_step_time_95:2": 1372.2424507141113,
  "gpt_models/pytorch-vgg16/fp32_inference_step_time_95:3": 1458.4825038909912,
  "gpt_models/pytorch-vgg16/fp32_inference_step_time_95:4": 1419.59547996521,
  "gpt_models/pytorch-vgg16/fp32_inference_step_time_95:5": 1346.1177349090576,
  "gpt_models/pytorch-vgg16/fp32_inference_step_time_95:6": 1390.0158405303955,
  "gpt_models/pytorch-vgg16/fp32_inference_step_time_95:7": 1348.7353324890137,
  "gpt_models/pytorch-vgg16/fp32_inference_step_time_95:8": 1428.4019470214844,
  "gpt_models/pytorch-vgg16/fp32_inference_step_time_95:9": 1378.8890838623047,
  "gpt_models/pytorch-vgg16/fp32_inference_step_time_95:10": 1430.8645725250244,
  "gpt_models/pytorch-vgg16/fp32_inference_step_time_95:11": 1409.0893268585205,
  "gpt_models/pytorch-vgg16/fp32_inference_step_time_95:12": 1434.3576431274414,
  "gpt_models/pytorch-vgg16/fp32_inference_step_time_95:13": 1400.7022380828857,
  "gpt_models/pytorch-vgg16/fp32_inference_step_time_95:14": 1343.681812286377,
  "gpt_models/pytorch-vgg16/fp32_inference_step_time_95:15": 1370.2309131622314,
  "gpt_models/pytorch-vgg16/fp32_inference_step_time_95:16": 1401.1964797973633,
  "gpt_models/pytorch-vgg16/fp32_inference_step_time_95:17": 1396.6856002807617,
  "gpt_models/pytorch-vgg16/fp32_inference_step_time_95:18": 1371.5283870697021,
  "gpt_models/pytorch-vgg16/fp32_inference_step_time_95:19": 1385.27250289917,
  "gpt_models/pytorch-vgg16/fp32_inference_step_time_95:20": 1378.0488967895508,
  "gpt_models/pytorch-vgg16/fp32_inference_step_time_95:21": 1385.5462074279785,
  "gpt_models/pytorch-vgg16/fp32_inference_step_time_95:22": 1401.5774726867676,
  "gpt_models/pytorch-vgg16/fp32_inference_step_time_95:23": 1392.7502632141113,
  "gpt_models/pytorch-vgg16/fp32_inference_step_time_99:0": 1483.5340976715088,
  "gpt_models/pytorch-vgg16/fp32_inference_step_time_99:1": 1407.8352451324463,
  "gpt_models/pytorch-vgg16/fp32_inference_step_time_99:2": 1443.1579113006592,
  "gpt_models/pytorch-vgg16/fp32_inference_step_time_99:3": 1560.5297088623047,
  "gpt_models/pytorch-vgg16/fp32_inference_step_time_99:4": 1638.7152671813965,
  "gpt_models/pytorch-vgg16/fp32_inference_step_time_99:5": 1402.0743370056152,
  "gpt_models/pytorch-vgg16/fp32_inference_step_time_99:6": 1453.9978504180908,
  "gpt_models/pytorch-vgg16/fp32_inference_step_time_99:7": 1416.095495223999,
  "gpt_models/pytorch-vgg16/fp32_inference_step_time_99:8": 1502.1579265594482,
  "gpt_models/pytorch-vgg16/fp32_inference_step_time_99:9": 1496.4120388031006,
  "gpt_models/pytorch-vgg16/fp32_inference_step_time_99:10": 1576.4484405517578,
  "gpt_models/pytorch-vgg16/fp32_inference_step_time_99:11": 1437.546730041504,
  "gpt_models/pytorch-vgg16/fp32_inference_step_time_99:12": 1603.6713123321533,
  "gpt_models/pytorch-vgg16/fp32_inference_step_time_99:13": 1446.5954303741455,
  "gpt_models/pytorch-vgg16/fp32_inference_step_time_99:14": 1440.185785293579,
  "gpt_models/pytorch-vgg16/fp32_inference_step_time_99:15": 1426.0423183441162,
  "gpt_models/pytorch-vgg16/fp32_inference_step_time_99:16": 1499.2763996124268,
  "gpt_models/pytorch-vgg16/fp32_inference_step_time_99:17": 1515.4879093170166,
  "gpt_models/pytorch-vgg16/fp32_inference_step_time_99:18": 1549.1032600402832,
  "gpt_models/pytorch-vgg16/fp32_inference_step_time_99:19": 1426.37300491333,
  "gpt_models/pytorch-vgg16/fp32_inference_step_time_99:20": 1387.9845142364502,
  "gpt_models/pytorch-vgg16/fp32_inference_step_time_99:21": 1420.9725856781006,
  "gpt_models/pytorch-vgg16/fp32_inference_step_time_99:22": 1447.2222328186035,
  "gpt_models/pytorch-vgg16/fp32_inference_step_time_99:23": 1454.3755054473877,
  "gpt_models/pytorch-vgg16/fp32_inference_step_time_99.9:0": 1517.1477794647217,
  "gpt_models/pytorch-vgg16/fp32_inference_step_time_99.9:1": 1408.7774753570557,
  "gpt_models/pytorch-vgg16/fp32_inference_step_time_99.9:2": 1478.9321422576904,
  "gpt_models/pytorch-vgg16/fp32_inference_step_time_99.9:3": 1631.3412189483643,
  "gpt_models/pytorch-vgg16/fp32_inference_step_time_99.9:4": 1715.9478664398193,
  "gpt_models/pytorch-vgg16/fp32_inference_step_time_99.9:5": 1430.4354190826416,
  "gpt_models/pytorch-vgg16/fp32_inference_step_time_99.9:6": 1491.347074508667,
  "gpt_models/pytorch-vgg16/fp32_inference_step_time_99.9:7": 1429.1448593139648,
  "gpt_models/pytorch-vgg16/fp32_inference_step_time_99.9:8": 1689.324140548706,
  "gpt_models/pytorch-vgg16/fp32_inference_step_time_99.9:9": 1626.80983543396,
  "gpt_models/pytorch-vgg16/fp32_inference_step_time_99.9:10": 1817.7340030670166,
  "gpt_models/pytorch-vgg16/fp32_inference_step_time_99.9:11": 1590.104341506958,
  "gpt_models/pytorch-vgg16/fp32_inference_step_time_99.9:12": 1634.1354846954346,
  "gpt_models/pytorch-vgg16/fp32_inference_step_time_99.9:13": 1474.8613834381104,
  "gpt_models/pytorch-vgg16/fp32_inference_step_time_99.9:14": 1466.1262035369873,
  "gpt_models/pytorch-vgg16/fp32_inference_step_time_99.9:15": 1526.212215423584,
  "gpt_models/pytorch-vgg16/fp32_inference_step_time_99.9:16": 1512.5060081481934,
  "gpt_models/pytorch-vgg16/fp32_inference_step_time_99.9:17": 1642.0378684997559,
  "gpt_models/pytorch-vgg16/fp32_inference_step_time_99.9:18": 1612.2980117797852,
  "gpt_models/pytorch-vgg16/fp32_inference_step_time_99.9:19": 1455.202579498291,
  "gpt_models/pytorch-vgg16/fp32_inference_step_time_99.9:20": 1406.4757823944092,
  "gpt_models/pytorch-vgg16/fp32_inference_step_time_99.9:21": 1427.100658416748,
  "gpt_models/pytorch-vgg16/fp32_inference_step_time_99.9:22": 1468.587875366211,
  "gpt_models/pytorch-vgg16/fp32_inference_step_time_99.9:23": 1488.60502243042,
  "gpt_models/pytorch-vgg16/fp32_inference_throughput_50:0": 1764.257026423166,
  "gpt_models/pytorch-vgg16/fp32_inference_throughput_50:1": 1751.8784630016,
  "gpt_models/pytorch-vgg16/fp32_inference_throughput_50:2": 1760.65680284599,
  "gpt_models/pytorch-vgg16/fp32_inference_throughput_50:3": 1766.3063159064623,
  "gpt_models/pytorch-vgg16/fp32_inference_throughput_50:4": 1755.9659142103305,
  "gpt_models/pytorch-vgg16/fp32_inference_throughput_50:5": 1755.2824966284104,
  "gpt_models/pytorch-vgg16/fp32_inference_throughput_50:6": 1756.1087994221366,
  "gpt_models/pytorch-vgg16/fp32_inference_throughput_50:7": 1760.8795180393013,
  "gpt_models/pytorch-vgg16/fp32_inference_throughput_50:8": 1766.4285707746128,
  "gpt_models/pytorch-vgg16/fp32_inference_throughput_50:9": 1762.6201136661584,
  "gpt_models/pytorch-vgg16/fp32_inference_throughput_50:10": 1764.8263703342157,
  "gpt_models/pytorch-vgg16/fp32_inference_throughput_50:11": 1775.6386531142196,
  "gpt_models/pytorch-vgg16/fp32_inference_throughput_50:12": 1767.2760874256635,
  "gpt_models/pytorch-vgg16/fp32_inference_throughput_50:13": 1769.4953207943095,
  "gpt_models/pytorch-vgg16/fp32_inference_throughput_50:14": 1766.0240300404796,
  "gpt_models/pytorch-vgg16/fp32_inference_throughput_50:15": 1776.2539596496874,
  "gpt_models/pytorch-vgg16/fp32_inference_throughput_50:16": 1772.435627963583,
  "gpt_models/pytorch-vgg16/fp32_inference_throughput_50:17": 1768.0579860166724,
  "gpt_models/pytorch-vgg16/fp32_inference_throughput_50:18": 1771.990248533092,
  "gpt_models/pytorch-vgg16/fp32_inference_throughput_50:19": 1773.8347538072937,
  "gpt_models/pytorch-vgg16/fp32_inference_throughput_50:20": 1766.4664149970483,
  "gpt_models/pytorch-vgg16/fp32_inference_throughput_50:21": 1751.6697870937248,
  "gpt_models/pytorch-vgg16/fp32_inference_throughput_50:22": 1762.3580000873242,
  "gpt_models/pytorch-vgg16/fp32_inference_throughput_50:23": 1764.4070729192233,
  "gpt_models/pytorch-vgg16/fp32_inference_throughput_90:0": 1795.201456571749,
  "gpt_models/pytorch-vgg16/fp32_inference_throughput_90:1": 1809.4759986359854,
  "gpt_models/pytorch-vgg16/fp32_inference_throughput_90:2": 1789.072209763722,
  "gpt_models/pytorch-vgg16/fp32_inference_throughput_90:3": 1814.7415287819283,
  "gpt_models/pytorch-vgg16/fp32_inference_throughput_90:4": 1814.9573084543429,
  "gpt_models/pytorch-vgg16/fp32_inference_throughput_90:5": 1791.9891101205253,
  "gpt_models/pytorch-vgg16/fp32_inference_throughput_90:6": 1779.4025409550918,
  "gpt_models/pytorch-vgg16/fp32_inference_throughput_90:7": 1789.1651167949221,
  "gpt_models/pytorch-vgg16/fp32_inference_throughput_90:8": 1794.442434477613,
  "gpt_models/pytorch-vgg16/fp32_inference_throughput_90:9": 1803.5342686308886,
  "gpt_models/pytorch-vgg16/fp32_inference_throughput_90:10": 1816.7035271572427,
  "gpt_models/pytorch-vgg16/fp32_inference_throughput_90:11": 1839.5308966047742,
  "gpt_models/pytorch-vgg16/fp32_inference_throughput_90:12": 1828.8293398325354,
  "gpt_models/pytorch-vgg16/fp32_inference_throughput_90:13": 1826.5564043936267,
  "gpt_models/pytorch-vgg16/fp32_inference_throughput_90:14": 1804.7962020120685,
  "gpt_models/pytorch-vgg16/fp32_inference_throughput_90:15": 1826.4554239495926,
  "gpt_models/pytorch-vgg16/fp32_inference_throughput_90:16": 1821.2091240755337,
  "gpt_models/pytorch-vgg16/fp32_inference_throughput_90:17": 1821.3617932189954,
  "gpt_models/pytorch-vgg16/fp32_inference_throughput_90:18": 1825.3909673708192,
  "gpt_models/pytorch-vgg16/fp32_inference_throughput_90:19": 1816.665894570886,
  "gpt_models/pytorch-vgg16/fp32_inference_throughput_90:20": 1790.115313059127,
  "gpt_models/pytorch-vgg16/fp32_inference_throughput_90:21": 1790.3820938391245,
  "gpt_models/pytorch-vgg16/fp32_inference_throughput_90:22": 1819.8187443855165,
  "gpt_models/pytorch-vgg16/fp32_inference_throughput_90:23": 1820.2091554816755,
  "gpt_models/pytorch-vgg16/fp32_inference_throughput_95:0": 1813.4424731199979,
  "gpt_models/pytorch-vgg16/fp32_inference_throughput_95:1": 1817.7260192665522,
  "gpt_models/pytorch-vgg16/fp32_inference_throughput_95:2": 1803.5723707100676,
  "gpt_models/pytorch-vgg16/fp32_inference_throughput_95:3": 1827.507620693581,
  "gpt_models/pytorch-vgg16/fp32_inference_throughput_95:4": 1827.4678082318937,
  "gpt_models/pytorch-vgg16/fp32_inference_throughput_95:5": 1811.5844590832464,
  "gpt_models/pytorch-vgg16/fp32_inference_throughput_95:6": 1800.608259926407,
  "gpt_models/pytorch-vgg16/fp32_inference_throughput_95:7": 1794.6116811894008,
  "gpt_models/pytorch-vgg16/fp32_inference_throughput_95:8": 1804.8711637433946,
  "gpt_models/pytorch-vgg16/fp32_inference_throughput_95:9": 1817.291139788957,
  "gpt_models/pytorch-vgg16/fp32_inference_throughput_95:10": 1827.4363056872376,
  "gpt_models/pytorch-vgg16/fp32_inference_throughput_95:11": 1842.281557875688,
  "gpt_models/pytorch-vgg16/fp32_inference_throughput_95:12": 1831.762992038669,
  "gpt_models/pytorch-vgg16/fp32_inference_throughput_95:13": 1838.6414152445493,
  "gpt_models/pytorch-vgg16/fp32_inference_throughput_95:14": 1819.1488775920832,
  "gpt_models/pytorch-vgg16/fp32_inference_throughput_95:15": 1833.429855323445,
  "gpt_models/pytorch-vgg16/fp32_inference_throughput_95:16": 1832.1936907455683,
  "gpt_models/pytorch-vgg16/fp32_inference_throughput_95:17": 1831.5668442496894,
  "gpt_models/pytorch-vgg16/fp32_inference_throughput_95:18": 1831.6353520898651,
  "gpt_models/pytorch-vgg16/fp32_inference_throughput_95:19": 1831.9184794405023,
  "gpt_models/pytorch-vgg16/fp32_inference_throughput_95:20": 1811.7110209033483,
  "gpt_models/pytorch-vgg16/fp32_inference_throughput_95:21": 1803.3946871553287,
  "gpt_models/pytorch-vgg16/fp32_inference_throughput_95:22": 1833.3413532165623,
  "gpt_models/pytorch-vgg16/fp32_inference_throughput_95:23": 1833.19851351074,
  "gpt_models/pytorch-vgg16/fp32_inference_throughput_99:0": 1827.6270684873787,
  "gpt_models/pytorch-vgg16/fp32_inference_throughput_99:1": 1821.539251682633,
  "gpt_models/pytorch-vgg16/fp32_inference_throughput_99:2": 1819.5293920158283,
  "gpt_models/pytorch-vgg16/fp32_inference_throughput_99:3": 1839.1212847102738,
  "gpt_models/pytorch-vgg16/fp32_inference_throughput_99:4": 1833.2873502231153,
  "gpt_models/pytorch-vgg16/fp32_inference_throughput_99:5": 1821.9396919762237,
  "gpt_models/pytorch-vgg16/fp32_inference_throughput_99:6": 1819.5688593388975,
  "gpt_models/pytorch-vgg16/fp32_inference_throughput_99:7": 1810.119399327545,
  "gpt_models/pytorch-vgg16/fp32_inference_throughput_99:8": 1833.4086001008413,
  "gpt_models/pytorch-vgg16/fp32_inference_throughput_99:9": 1831.5922298059959,
  "gpt_models/pytorch-vgg16/fp32_inference_throughput_99:10": 1835.2819956327176,
  "gpt_models/pytorch-vgg16/fp32_inference_throughput_99:11": 1849.2662954037767,
  "gpt_models/pytorch-vgg16/fp32_inference_throughput_99:12": 1836.0155135130403,
  "gpt_models/pytorch-vgg16/fp32_inference_throughput_99:13": 1844.015917538921,
  "gpt_models/pytorch-vgg16/fp32_inference_throughput_99:14": 1820.5409820380346,
  "gpt_models/pytorch-vgg16/fp32_inference_throughput_99:15": 1848.3921675024467,
  "gpt_models/pytorch-vgg16/fp32_inference_throughput_99:16": 1840.573634589943,
  "gpt_models/pytorch-vgg16/fp32_inference_throughput_99:17": 1838.8587100520117,
  "gpt_models/pytorch-vgg16/fp32_inference_throughput_99:18": 1838.437134874318,
  "gpt_models/pytorch-vgg16/fp32_inference_throughput_99:19": 1837.2064571616188,
  "gpt_models/pytorch-vgg16/fp32_inference_throughput_99:20": 1820.50903074007,
  "gpt_models/pytorch-vgg16/fp32_inference_throughput_99:21": 1807.1252845263914,
  "gpt_models/pytorch-vgg16/fp32_inference_throughput_99:22": 1845.1847958397504,
  "gpt_models/pytorch-vgg16/fp32_inference_throughput_99:23": 1838.5492557009059,
  "gpt_models/pytorch-vgg16/fp32_inference_throughput_99.9:0": 1833.1737801152817,
  "gpt_models/pytorch-vgg16/fp32_inference_throughput_99.9:1": 1836.2811216450448,
  "gpt_models/pytorch-vgg16/fp32_inference_throughput_99.9:2": 1825.8290414136497,
  "gpt_models/pytorch-vgg16/fp32_inference_throughput_99.9:3": 1845.5794590809694,
  "gpt_models/pytorch-vgg16/fp32_inference_throughput_99.9:4": 1838.1526896435296,
  "gpt_models/pytorch-vgg16/fp32_inference_throughput_99.9:5": 1831.205263417653,
  "gpt_models/pytorch-vgg16/fp32_inference_throughput_99.9:6": 1822.1224255428458,
  "gpt_models/pytorch-vgg16/fp32_inference_throughput_99.9:7": 1814.5213634990553,
  "gpt_models/pytorch-vgg16/fp32_inference_throughput_99.9:8": 1839.9178808624035,
  "gpt_models/pytorch-vgg16/fp32_inference_throughput_99.9:9": 1833.9638366764661,
  "gpt_models/pytorch-vgg16/fp32_inference_throughput_99.9:10": 1845.4304697584982,
  "gpt_models/pytorch-vgg16/fp32_inference_throughput_99.9:11": 1849.3648505050771,
  "gpt_models/pytorch-vgg16/fp32_inference_throughput_99.9:12": 1837.3520218130457,
  "gpt_models/pytorch-vgg16/fp32_inference_throughput_99.9:13": 1845.9926595813895,
  "gpt_models/pytorch-vgg16/fp32_inference_throughput_99.9:14": 1834.6952542573383,
  "gpt_models/pytorch-vgg16/fp32_inference_throughput_99.9:15": 1851.455769570324,
  "gpt_models/pytorch-vgg16/fp32_inference_throughput_99.9:16": 1844.4354710424238,
  "gpt_models/pytorch-vgg16/fp32_inference_throughput_99.9:17": 1844.5790092096067,
  "gpt_models/pytorch-vgg16/fp32_inference_throughput_99.9:18": 1838.9084848013492,
  "gpt_models/pytorch-vgg16/fp32_inference_throughput_99.9:19": 1838.8744834485271,
  "gpt_models/pytorch-vgg16/fp32_inference_throughput_99.9:20": 1826.9469441261251,
  "gpt_models/pytorch-vgg16/fp32_inference_throughput_99.9:21": 1817.9185284335642,
  "gpt_models/pytorch-vgg16/fp32_inference_throughput_99.9:22": 1846.460116944334,
  "gpt_models/pytorch-vgg16/fp32_inference_throughput_99.9:23": 1838.7483038527582,
  "monitor/gpu_temperature:0": 48,
  "monitor/gpu_temperature:1": 45,
  "monitor/gpu_temperature:2": 46,
  "monitor/gpu_temperature:3": 44,
  "monitor/gpu_temperature:4": 43,
  "monitor/gpu_temperature:5": 45,
  "monitor/gpu_temperature:6": 43,
  "monitor/gpu_temperature:7": 46,
  "monitor/gpu_power_limit:0": 500,
  "monitor/gpu_power_limit:1": 500,
  "monitor/gpu_power_limit:2": 500,
  "monitor/gpu_power_limit:3": 500,
  "monitor/gpu_power_limit:4": 500,
  "monitor/gpu_power_limit:5": 500,
  "monitor/gpu_power_limit:6": 500,
  "monitor/gpu_power_limit:7": 500,
  "monitor/gpu_corrected_ecc:0": 0,
  "monitor/gpu_corrected_ecc:1": 0,
  "monitor/gpu_corrected_ecc:2": 0,
  "monitor/gpu_corrected_ecc:3": 0,
  "monitor/gpu_corrected_ecc:4": 0,
  "monitor/gpu_corrected_ecc:5": 0,
  "monitor/gpu_corrected_ecc:6": 0,
  "monitor/gpu_corrected_ecc:7": 0,
  "monitor/gpu_uncorrected_ecc:0": 0,
  "monitor/gpu_uncorrected_ecc:1": 0,
  "monitor/gpu_uncorrected_ecc:2": 0,
  "monitor/gpu_uncorrected_ecc:3": 0,
  "monitor/gpu_uncorrected_ecc:4": 0,
  "monitor/gpu_uncorrected_ecc:5": 0,
  "monitor/gpu_uncorrected_ecc:6": 0,
  "monitor/gpu_uncorrected_ecc:7": 0,
  "monitor/gpu_remap_correctable_error:0": 0,
  "monitor/gpu_remap_uncorrectable_error:0": 0,
  "monitor/gpu_remap_max:0": 640,
  "monitor/gpu_remap_high:0": 0,
  "monitor/gpu_remap_partial:0": 0,
  "monitor/gpu_remap_low:0": 0,
  "monitor/gpu_remap_none:0": 0,
  "monitor/gpu_remap_correctable_error:1": 0,
  "monitor/gpu_remap_uncorrectable_error:1": 0,
  "monitor/gpu_remap_max:1": 640,
  "monitor/gpu_remap_high:1": 0,
  "monitor/gpu_remap_partial:1": 0,
  "monitor/gpu_remap_low:1": 0,
  "monitor/gpu_remap_none:1": 0,
  "monitor/gpu_remap_correctable_error:2": 0,
  "monitor/gpu_remap_uncorrectable_error:2": 0,
  "monitor/gpu_remap_max:2": 640,
  "monitor/gpu_remap_high:2": 0,
  "monitor/gpu_remap_partial:2": 0,
  "monitor/gpu_remap_low:2": 0,
  "monitor/gpu_remap_none:2": 0,
  "monitor/gpu_remap_correctable_error:3": 0,
  "monitor/gpu_remap_uncorrectable_error:3": 0,
  "monitor/gpu_remap_max:3": 640,
  "monitor/gpu_remap_high:3": 0,
  "monitor/gpu_remap_partial:3": 0,
  "monitor/gpu_remap_low:3": 0,
  "monitor/gpu_remap_none:3": 0,
  "monitor/gpu_remap_correctable_error:4": 0,
  "monitor/gpu_remap_uncorrectable_error:4": 0,
  "monitor/gpu_remap_max:4": 640,
  "monitor/gpu_remap_high:4": 0,
  "monitor/gpu_remap_partial:4": 0,
  "monitor/gpu_remap_low:4": 0,
  "monitor/gpu_remap_none:4": 0,
  "monitor/gpu_remap_correctable_error:5": 0,
  "monitor/gpu_remap_uncorrectable_error:5": 0,
  "monitor/gpu_remap_max:5": 640,
  "monitor/gpu_remap_high:5": 0,
  "monitor/gpu_remap_partial:5": 0,
  "monitor/gpu_remap_low:5": 0,
  "monitor/gpu_remap_none:5": 0,
  "monitor/gpu_remap_correctable_error:6": 0,
  "monitor/gpu_remap_uncorrectable_error:6": 0,
  "monitor/gpu_remap_max:6": 640,
  "monitor/gpu_remap_high:6": 0,
  "monitor/gpu_remap_partial:6": 0,
  "monitor/gpu_remap_low:6": 0,
  "monitor/gpu_remap_none:6": 0,
  "monitor/gpu_remap_correctable_error:7": 0,
  "monitor/gpu_remap_uncorrectable_error:7": 0,
  "monitor/gpu_remap_max:7": 640,
  "monitor/gpu_remap_high:7": 0,
  "monitor/gpu_remap_partial:7": 0,
  "monitor/gpu_remap_low:7": 0,
  "monitor/gpu_remap_none:7": 0
}