{
  "gpt_models/pytorch-vgg16/return_code:0": 0,
  "gpt_models/pytorch-vgg16/return_code:1": 0,
  "gpt_models/pytorch-vgg16/return_code:2": 0,
  "gpt_models/pytorch-vgg16/return_code:3": 0,
  "gpt_models/pytorch-vgg16/return_code:4": 0,
  "gpt_models/pytorch-vgg16/return_code:5": 0,
  "gpt_models/pytorch-vgg16/return_code:6": 0,
  "gpt_models/pytorch-vgg16/return_code:7": 0,
  "gpt_models/pytorch-vgg16/return_code:8": 0,
  "gpt_models/pytorch-vgg16/return_code:9": 0,
  "gpt_models/pytorch-vgg16/return_code:10": 0,
  "gpt_models/pytorch-vgg16/return_code:11": 0,
  "gpt_models/pytorch-vgg16/return_code:12": 0,
  "gpt_models/pytorch-vgg16/return_code:13": 0,
  "gpt_models/pytorch-vgg16/return_code:14": 0,
  "gpt_models/pytorch-vgg16/return_code:15": 0,
  "gpt_models/pytorch-vgg16/fp16_inference_step_time:0": 976.1299300193787,
  "gpt_models/pytorch-vgg16/fp16_inference_step_time:1": 1016.3447618484497,
  "gpt_models/pytorch-vgg16/fp16_inference_step_time:2": 982.0361852645874,
  "gpt_models/pytorch-vgg16/fp16_inference_step_time:3": 991.3665843009949,
  "gpt_models/pytorch-vgg16/fp16_inference_step_time:4": 986.9841432571411,
  "gpt_models/pytorch-vgg16/fp16_inference_step_time:5": 986.1527061462402,
  "gpt_models/pytorch-vgg16/fp16_inference_step_time:6": 990.7486200332642,
  "gpt_models/pytorch-vgg16/fp16_inference_step_time:7": 964.2524909973145,
  "gpt_models/pytorch-vgg16/fp16_inference_step_time:8": 972.5720643997192,
  "gpt_models/pytorch-vgg16/fp16_inference_step_time:9": 966.0254430770874,
  "gpt_models/pytorch-vgg16/fp16_inference_step_time:10": 956.1615562438965,
  "gpt_models/pytorch-vgg16/fp16_inference_step_time:11": 962.0815825462341,
  "gpt_models/pytorch-vgg16/fp16_inference_step_time:12": 968.8818502426147,
  "gpt_models/pytorch-vgg16/fp16_inference_step_time:13": 973.594856262207,
  "gpt_models/pytorch-vgg16/fp16_inference_step_time:14": 971.8219113349915,
  "gpt_models/pytorch-vgg16/fp16_inference_step_time:15": 966.5706992149353,
  "gpt_models/pytorch-vgg16/fp16_inference_throughput:0": 2667.49395638363,
  "gpt_models/pytorch-vgg16/fp16_inference_throughput:1": 2598.776554751851,
  "gpt_models/pytorch-vgg16/fp16_inference_throughput:2": 2659.168801950659,
  "gpt_models/pytorch-vgg16/fp16_inference_throughput:3": 2636.511788603364,
  "gpt_models/pytorch-vgg16/fp16_inference_throughput:4": 2653.124325704469,
  "gpt_models/pytorch-vgg16/fp16_inference_throughput:5": 2650.3753528465186,
  "gpt_models/pytorch-vgg16/fp16_inference_throughput:6": 2647.4912544655635,
  "gpt_models/pytorch-vgg16/fp16_inference_throughput:7": 2699.6652486516455,
  "gpt_models/pytorch-vgg16/fp16_inference_throughput:8": 2684.46755758509,
  "gpt_models/pytorch-vgg16/fp16_inference_throughput:9": 2696.1697747122084,
  "gpt_models/pytorch-vgg16/fp16_inference_throughput:10": 2720.277728884754,
  "gpt_models/pytorch-vgg16/fp16_inference_throughput:11": 2703.265743585865,
  "gpt_models/pytorch-vgg16/fp16_inference_throughput:12": 2686.668201822116,
  "gpt_models/pytorch-vgg16/fp16_inference_throughput:13": 2676.2899458742017,
  "gpt_models/pytorch-vgg16/fp16_inference_throughput:14": 2688.4759633697972,
  "gpt_models/pytorch-vgg16/fp16_inference_throughput:15": 2693.1249219996484,
  "gpt_models/pytorch-vgg16/fp16_inference_step_time_50:0": 968.0237770080566,
  "gpt_models/pytorch-vgg16/fp16_inference_step_time_50:1": 974.2281436920166,
  "gpt_models/pytorch-vgg16/fp16_inference_step_time_50:2": 970.1967239379883,
  "gpt_models/pytorch-vgg16/fp16_inference_step_time_50:3": 970.4720973968506,
  "gpt_models/pytorch-vgg16/fp16_inference_step_time_50:4": 968.9037799835205,
  "gpt_models/pytorch-vgg16/fp16_inference_step_time_50:5": 972.5477695465088,
  "gpt_models/pytorch-vgg16/fp16_inference_step_time_50:6": 969.196081161499,
  "gpt_models/pytorch-vgg16/fp16_inference_step_time_50:7": 958.2784175872803,
  "gpt_models/pytorch-vgg16/fp16_inference_step_time_50:8": 964.1962051391602,
  "gpt_models/pytorch-vgg16/fp16_inference_step_time_50:9": 959.1848850250244,
  "gpt_models/pytorch-vgg16/fp16_inference_step_time_50:10": 956.2423229217529,
  "gpt_models/pytorch-vgg16/fp16_inference_step_time_50:11": 963.4418487548828,
  "gpt_models/pytorch-vgg16/fp16_inference_step_time_50:12": 961.5113735198975,
  "gpt_models/pytorch-vgg16/fp16_inference_step_time_50:13": 961.6785049438477,
  "gpt_models/pytorch-vgg16/fp16_inference_step_time_50:14": 960.4408740997314,
  "gpt_models/pytorch-vgg16/fp16_inference_step_time_50:15": 961.7791175842285,
  "gpt_models/pytorch-vgg16/fp16_inference_step_time_90:0": 1013.3085250854492,
  "gpt_models/pytorch-vgg16/fp16_inference_step_time_90:1": 1067.7924156188965,
  "gpt_models/pytorch-vgg16/fp16_inference_step_time_90:2": 999.6354579925537,
  "gpt_models/pytorch-vgg16/fp16_inference_step_time_90:3": 1041.5668487548828,
  "gpt_models/pytorch-vgg16/fp16_inference_step_time_90:4": 1004.0678977966309,
  "gpt_models/pytorch-vgg16/fp16_inference_step_time_90:5": 999.5665550231934,
  "gpt_models/pytorch-vgg16/fp16_inference_step_time_90:6": 1013.1235122680664,
  "gpt_models/pytorch-vgg16/fp16_inference_step_time_90:7": 990.1494979858398,
  "gpt_models/pytorch-vgg16/fp16_inference_step_time_90:8": 988.8887405395508,
  "gpt_models/pytorch-vgg16/fp16_inference_step_time_90:9": 999.2377758026123,
  "gpt_models/pytorch-vgg16/fp16_inference_step_time_90:10": 978.6102771759033,
  "gpt_models/pytorch-vgg16/fp16_inference_step_time_90:11": 983.0951690673828,
  "gpt_models/pytorch-vgg16/fp16_inference_step_time_90:12": 997.1966743469238,
  "gpt_models/pytorch-vgg16/fp16_inference_step_time_90:13": 1015.5894756317139,
  "gpt_models/pytorch-vgg16/fp16_inference_step_time_90:14": 982.0959568023682,
  "gpt_models/pytorch-vgg16/fp16_inference_step_time_90:15": 997.8430271148682,
  "gpt_models/pytorch-vgg16/fp16_inference_step_time_95:0": 1037.7345085144043,
  "gpt_models/pytorch-vgg16/fp16_inference_step_time_95:1": 1196.6490745544434,
  "gpt_models/pytorch-vgg16/fp16_inference_step_time_95:2": 1005.8069229125977,
  "gpt_models/pytorch-vgg16/fp16_inference_step_time_95:3": 1112.119197845459,
  "gpt_models/pytorch-vgg16/fp16_inference_step_time_95:4": 1064.2151832580566,
  "gpt_models/pytorch-vgg16/fp16_inference_step_time_95:5": 1041.905403137207,
  "gpt_models/pytorch-vgg16/fp16_inference_step_time_95:6": 1028.8176536560059,
  "gpt_models/pytorch-vgg16/fp16_inference_step_time_95:7": 1010.6418132781982,
  "gpt_models/pytorch-vgg16/fp16_inference_step_time_95:8": 1011.3258361816406,
  "gpt_models/pytorch-vgg16/fp16_inference_step_time_95:9": 1027.021884918213,
  "gpt_models/pytorch-vgg16/fp16_inference_step_time_95:10": 985.7983589172363,
  "gpt_models/pytorch-vgg16/fp16_inference_step_time_95:11": 986.9024753570557,
  "gpt_models/pytorch-vgg16/fp16_inference_step_time_95:12": 1028.4814834594727,
  "gpt_models/pytorch-vgg16/fp16_inference_step_time_95:13": 1079.4737339019775,
  "gpt_models/pytorch-vgg16/fp16_inference_step_time_95:14": 999.234676361084,
  "gpt_models/pytorch-vgg16/fp16_inference_step_time_95:15": 1026.3543128967285,
  "gpt_models/pytorch-vgg16/fp16_inference_step_time_99:0": 1091.5935039520264,
  "gpt_models/pytorch-vgg16/fp16_inference_step_time_99:1": 1910.4220867156982,
  "gpt_models/pytorch-vgg16/fp16_inference_step_time_99:2": 1489.8710250854492,
  "gpt_models/pytorch-vgg16/fp16_inference_step_time_99:3": 1246.5274333953857,
  "gpt_models/pytorch-vgg16/fp16_inference_step_time_99:4": 1539.4482612609863,
  "gpt_models/pytorch-vgg16/fp16_inference_step_time_99:5": 1229.2096614837646,
  "gpt_models/pytorch-vgg16/fp16_inference_step_time_99:6": 1729.1357517242432,
  "gpt_models/pytorch-vgg16/fp16_inference_step_time_99:7": 1091.7167663574219,
  "gpt_models/pytorch-vgg16/fp16_inference_step_time_99:8": 1041.6340827941895,
  "gpt_models/pytorch-vgg16/fp16_inference_step_time_99:9": 1171.9269752502441,
  "gpt_models/pytorch-vgg16/fp16_inference_step_time_99:10": 999.7098445892334,
  "gpt_models/pytorch-vgg16/fp16_inference_step_time_99:11": 992.2466278076172,
  "gpt_models/pytorch-vgg16/fp16_inference_step_time_99:12": 1113.4819984436035,
  "gpt_models/pytorch-vgg16/fp16_inference_step_time_99:13": 1148.5064029693604,
  "gpt_models/pytorch-vgg16/fp16_inference_step_time_99:14": 1144.8287963867188,
  "gpt_models/pytorch-vgg16/fp16_inference_step_time_99:15": 1118.4360980987549,
  "gpt_models/pytorch-vgg16/fp16_inference_step_time_99.9:0": 1216.5160179138184,
  "gpt_models/pytorch-vgg16/fp16_inference_step_time_99.9:1": 1925.3473281860352,
  "gpt_models/pytorch-vgg16/fp16_inference_step_time_99.9:2": 1507.6282024383545,
  "gpt_models/pytorch-vgg16/fp16_inference_step_time_99.9:3": 1627.5887489318848,
  "gpt_models/pytorch-vgg16/fp16_inference_step_time_99.9:4": 1845.6106185913086,
  "gpt_models/pytorch-vgg16/fp16_inference_step_time_99.9:5": 1798.7732887268066,
  "gpt_models/pytorch-vgg16/fp16_inference_step_time_99.9:6": 1881.6273212432861,
  "gpt_models/pytorch-vgg16/fp16_inference_step_time_99.9:7": 1197.791337966919,
  "gpt_models/pytorch-vgg16/fp16_inference_step_time_99.9:8": 1755.1629543304443,
  "gpt_models/pytorch-vgg16/fp16_inference_step_time_99.9:9": 1186.6583824157715,
  "gpt_models/pytorch-vgg16/fp16_inference_step_time_99.9:10": 1023.8292217254639,
  "gpt_models/pytorch-vgg16/fp16_inference_step_time_99.9:11": 1000.0598430633545,
  "gpt_models/pytorch-vgg16/fp16_inference_step_time_99.9:12": 1116.743803024292,
  "gpt_models/pytorch-vgg16/fp16_inference_step_time_99.9:13": 1187.1728897094727,
  "gpt_models/pytorch-vgg16/fp16_inference_step_time_99.9:14": 1806.596040725708,
  "gpt_models/pytorch-vgg16/fp16_inference_step_time_99.9:15": 1129.5700073242188,
  "gpt_models/pytorch-vgg16/fp16_inference_throughput_50:0": 2688.110967621708,
  "gpt_models/pytorch-vgg16/fp16_inference_throughput_50:1": 2668.812055526963,
  "gpt_models/pytorch-vgg16/fp16_inference_throughput_50:2": 2680.015079583139,
  "gpt_models/pytorch-vgg16/fp16_inference_throughput_50:3": 2685.2806100023663,
  "gpt_models/pytorch-vgg16/fp16_inference_throughput_50:4": 2687.239911506213,
  "gpt_models/pytorch-vgg16/fp16_inference_throughput_50:5": 2676.6359654559224,
  "gpt_models/pytorch-vgg16/fp16_inference_throughput_50:6": 2684.5224046008043,
  "gpt_models/pytorch-vgg16/fp16_inference_throughput_50:7": 2713.4845260679076,
  "gpt_models/pytorch-vgg16/fp16_inference_throughput_50:8": 2696.7966670598657,
  "gpt_models/pytorch-vgg16/fp16_inference_throughput_50:9": 2710.9724726123227,
  "gpt_models/pytorch-vgg16/fp16_inference_throughput_50:10": 2723.348213884363,
  "gpt_models/pytorch-vgg16/fp16_inference_throughput_50:11": 2699.4482132093663,
  "gpt_models/pytorch-vgg16/fp16_inference_throughput_50:12": 2705.3010819775022,
  "gpt_models/pytorch-vgg16/fp16_inference_throughput_50:13": 2705.474241134548,
  "gpt_models/pytorch-vgg16/fp16_inference_throughput_50:14": 2708.8734487592187,
  "gpt_models/pytorch-vgg16/fp16_inference_throughput_50:15": 2705.9085788583025,
  "gpt_models/pytorch-vgg16/fp16_inference_throughput_90:0": 2754.8231045417538,
  "gpt_models/pytorch-vgg16/fp16_inference_throughput_90:1": 2740.047845098666,
  "gpt_models/pytorch-vgg16/fp16_inference_throughput_90:2": 2743.9977575349794,
  "gpt_models/pytorch-vgg16/fp16_inference_throughput_90:3": 2748.1585139387544,
  "gpt_models/pytorch-vgg16/fp16_inference_throughput_90:4": 2744.3147121640345,
  "gpt_models/pytorch-vgg16/fp16_inference_throughput_90:5": 2745.7754445598466,
  "gpt_models/pytorch-vgg16/fp16_inference_throughput_90:6": 2746.007757179092,
  "gpt_models/pytorch-vgg16/fp16_inference_throughput_90:7": 2796.1460267856114,
  "gpt_models/pytorch-vgg16/fp16_inference_throughput_90:8": 2774.8773782612193,
  "gpt_models/pytorch-vgg16/fp16_inference_throughput_90:9": 2797.758650900975,
  "gpt_models/pytorch-vgg16/fp16_inference_throughput_90:10": 2800.106302042103,
  "gpt_models/pytorch-vgg16/fp16_inference_throughput_90:11": 2774.984706678677,
  "gpt_models/pytorch-vgg16/fp16_inference_throughput_90:12": 2764.027263148797,
  "gpt_models/pytorch-vgg16/fp16_inference_throughput_90:13": 2780.0654559508166,
  "gpt_models/pytorch-vgg16/fp16_inference_throughput_90:14": 2769.957672839293,
  "gpt_models/pytorch-vgg16/fp16_inference_throughput_90:15": 2779.8889950182097,
  "gpt_models/pytorch-vgg16/fp16_inference_throughput_95:0": 2770.577664884602,
  "gpt_models/pytorch-vgg16/fp16_inference_throughput_95:1": 2767.673628832641,
  "gpt_models/pytorch-vgg16/fp16_inference_throughput_95:2": 2755.8499570140402,
  "gpt_models/pytorch-vgg16/fp16_inference_throughput_95:3": 2760.853826924703,
  "gpt_models/pytorch-vgg16/fp16_inference_throughput_95:4": 2753.8568221476426,
  "gpt_models/pytorch-vgg16/fp16_inference_throughput_95:5": 2758.898119630615,
  "gpt_models/pytorch-vgg16/fp16_inference_throughput_95:6": 2757.5175240276603,
  "gpt_models/pytorch-vgg16/fp16_inference_throughput_95:7": 2805.40655818255,
  "gpt_models/pytorch-vgg16/fp16_inference_throughput_95:8": 2795.2042770364333,
  "gpt_models/pytorch-vgg16/fp16_inference_throughput_95:9": 2802.2461775896686,
  "gpt_models/pytorch-vgg16/fp16_inference_throughput_95:10": 2807.0819084734812,
  "gpt_models/pytorch-vgg16/fp16_inference_throughput_95:11": 2789.5956167405557,
  "gpt_models/pytorch-vgg16/fp16_inference_throughput_95:12": 2796.3080659706916,
  "gpt_models/pytorch-vgg16/fp16_inference_throughput_95:13": 2808.765048394653,
  "gpt_models/pytorch-vgg16/fp16_inference_throughput_95:14": 2805.928446342991,
  "gpt_models/pytorch-vgg16/fp16_inference_throughput_95:15": 2811.001508454252,
  "gpt_models/pytorch-vgg16/fp16_inference_throughput_99:0": 2800.970780772705,
  "gpt_models/pytorch-vgg16/fp16_inference_throughput_99:1": 2770.5523249240937,
  "gpt_models/pytorch-vgg16/fp16_inference_throughput_99:2": 2779.8245108690385,
  "gpt_models/pytorch-vgg16/fp16_inference_throughput_99:3": 2786.8310540324014,
  "gpt_models/pytorch-vgg16/fp16_inference_throughput_99:4": 2800.158069437058,
  "gpt_models/pytorch-vgg16/fp16_inference_throughput_99:5": 2787.0397375602574,
  "gpt_models/pytorch-vgg16/fp16_inference_throughput_99:6": 2796.5325140914056,
  "gpt_models/pytorch-vgg16/fp16_inference_throughput_99:7": 2811.5566496214456,
  "gpt_models/pytorch-vgg16/fp16_inference_throughput_99:8": 2813.1682350998844,
  "gpt_models/pytorch-vgg16/fp16_inference_throughput_99:9": 2825.36990195451,
  "gpt_models/pytorch-vgg16/fp16_inference_throughput_99:10": 2819.1651280661927,
  "gpt_models/pytorch-vgg16/fp16_inference_throughput_99:11": 2813.542021148282,
  "gpt_models/pytorch-vgg16/fp16_inference_throughput_99:12": 2809.8390316286245,
  "gpt_models/pytorch-vgg16/fp16_inference_throughput_99:13": 2814.1867632565754,
  "gpt_models/pytorch-vgg16/fp16_inference_throughput_99:14": 2822.4010617529534,
  "gpt_models/pytorch-vgg16/fp16_inference_throughput_99:15": 2828.813078771406,
  "gpt_models/pytorch-vgg16/fp16_inference_throughput_99.9:0": 2815.1616979478463,
  "gpt_models/pytorch-vgg16/fp16_inference_throughput_99.9:1": 2788.8864877803894,
  "gpt_models/pytorch-vgg16/fp16_inference_throughput_99.9:2": 2785.1371027162595,
  "gpt_models/pytorch-vgg16/fp16_inference_throughput_99.9:3": 2807.949254380827,
  "gpt_models/pytorch-vgg16/fp16_inference_throughput_99.9:4": 2807.1274308063535,
  "gpt_models/pytorch-vgg16/fp16_inference_throughput_99.9:5": 2812.7401362369005,
  "gpt_models/pytorch-vgg16/fp16_inference_throughput_99.9:6": 2806.360251618422,
  "gpt_models/pytorch-vgg16/fp16_inference_throughput_99.9:7": 2818.694402514423,
  "gpt_models/pytorch-vgg16/fp16_inference_throughput_99.9:8": 2818.7548739310955,
  "gpt_models/pytorch-vgg16/fp16_inference_throughput_99.9:9": 2832.3441036715944,
  "gpt_models/pytorch-vgg16/fp16_inference_throughput_99.9:10": 2822.8766798476267,
  "gpt_models/pytorch-vgg16/fp16_inference_throughput_99.9:11": 2820.8423630615525,
  "gpt_models/pytorch-vgg16/fp16_inference_throughput_99.9:12": 2811.780652450641,
  "gpt_models/pytorch-vgg16/fp16_inference_throughput_99.9:13": 2826.8999001983075,
  "gpt_models/pytorch-vgg16/fp16_inference_throughput_99.9:14": 2825.571951331053,
  "gpt_models/pytorch-vgg16/fp16_inference_throughput_99.9:15": 2830.376193383083,
  "monitor/gpu_temperature:0": 48,
  "monitor/gpu_temperature:1": 44,
  "monitor/gpu_temperature:2": 45,
  "monitor/gpu_temperature:3": 43,
  "monitor/gpu_temperature:4": 42,
  "monitor/gpu_temperature:5": 47,
  "monitor/gpu_temperature:6": 43,
  "monitor/gpu_temperature:7": 46,
  "monitor/gpu_power_limit:0": 500,
  "monitor/gpu_power_limit:1": 500,
  "monitor/gpu_power_limit:2": 500,
  "monitor/gpu_power_limit:3": 500,
  "monitor/gpu_power_limit:4": 500,
  "monitor/gpu_power_limit:5": 500,
  "monitor/gpu_power_limit:6": 500,
  "monitor/gpu_power_limit:7": 500,
  "monitor/gpu_corrected_ecc:0": 0,
  "monitor/gpu_corrected_ecc:1": 0,
  "monitor/gpu_corrected_ecc:2": 0,
  "monitor/gpu_corrected_ecc:3": 0,
  "monitor/gpu_corrected_ecc:4": 0,
  "monitor/gpu_corrected_ecc:5": 0,
  "monitor/gpu_corrected_ecc:6": 0,
  "monitor/gpu_corrected_ecc:7": 0,
  "monitor/gpu_uncorrected_ecc:0": 0,
  "monitor/gpu_uncorrected_ecc:1": 0,
  "monitor/gpu_uncorrected_ecc:2": 0,
  "monitor/gpu_uncorrected_ecc:3": 0,
  "monitor/gpu_uncorrected_ecc:4": 0,
  "monitor/gpu_uncorrected_ecc:5": 0,
  "monitor/gpu_uncorrected_ecc:6": 0,
  "monitor/gpu_uncorrected_ecc:7": 0,
  "monitor/gpu_remap_correctable_error:0": 0,
  "monitor/gpu_remap_uncorrectable_error:0": 0,
  "monitor/gpu_remap_max:0": 640,
  "monitor/gpu_remap_high:0": 0,
  "monitor/gpu_remap_partial:0": 0,
  "monitor/gpu_remap_low:0": 0,
  "monitor/gpu_remap_none:0": 0,
  "monitor/gpu_remap_correctable_error:1": 0,
  "monitor/gpu_remap_uncorrectable_error:1": 0,
  "monitor/gpu_remap_max:1": 640,
  "monitor/gpu_remap_high:1": 0,
  "monitor/gpu_remap_partial:1": 0,
  "monitor/gpu_remap_low:1": 0,
  "monitor/gpu_remap_none:1": 0,
  "monitor/gpu_remap_correctable_error:2": 0,
  "monitor/gpu_remap_uncorrectable_error:2": 0,
  "monitor/gpu_remap_max:2": 640,
  "monitor/gpu_remap_high:2": 0,
  "monitor/gpu_remap_partial:2": 0,
  "monitor/gpu_remap_low:2": 0,
  "monitor/gpu_remap_none:2": 0,
  "monitor/gpu_remap_correctable_error:3": 0,
  "monitor/gpu_remap_uncorrectable_error:3": 0,
  "monitor/gpu_remap_max:3": 640,
  "monitor/gpu_remap_high:3": 0,
  "monitor/gpu_remap_partial:3": 0,
  "monitor/gpu_remap_low:3": 0,
  "monitor/gpu_remap_none:3": 0,
  "monitor/gpu_remap_correctable_error:4": 0,
  "monitor/gpu_remap_uncorrectable_error:4": 0,
  "monitor/gpu_remap_max:4": 640,
  "monitor/gpu_remap_high:4": 0,
  "monitor/gpu_remap_partial:4": 0,
  "monitor/gpu_remap_low:4": 0,
  "monitor/gpu_remap_none:4": 0,
  "monitor/gpu_remap_correctable_error:5": 0,
  "monitor/gpu_remap_uncorrectable_error:5": 0,
  "monitor/gpu_remap_max:5": 640,
  "monitor/gpu_remap_high:5": 0,
  "monitor/gpu_remap_partial:5": 0,
  "monitor/gpu_remap_low:5": 0,
  "monitor/gpu_remap_none:5": 0,
  "monitor/gpu_remap_correctable_error:6": 0,
  "monitor/gpu_remap_uncorrectable_error:6": 0,
  "monitor/gpu_remap_max:6": 640,
  "monitor/gpu_remap_high:6": 0,
  "monitor/gpu_remap_partial:6": 0,
  "monitor/gpu_remap_low:6": 0,
  "monitor/gpu_remap_none:6": 0,
  "monitor/gpu_remap_correctable_error:7": 0,
  "monitor/gpu_remap_uncorrectable_error:7": 0,
  "monitor/gpu_remap_max:7": 640,
  "monitor/gpu_remap_high:7": 0,
  "monitor/gpu_remap_partial:7": 0,
  "monitor/gpu_remap_low:7": 0,
  "monitor/gpu_remap_none:7": 0
}