{
  "gpt_models/pytorch-bert-large/return_code:0": 0,
  "gpt_models/pytorch-bert-large/return_code:1": 0,
  "gpt_models/pytorch-bert-large/return_code:2": 0,
  "gpt_models/pytorch-bert-large/return_code:3": 0,
  "gpt_models/pytorch-bert-large/return_code:4": 0,
  "gpt_models/pytorch-bert-large/return_code:5": 0,
  "gpt_models/pytorch-bert-large/return_code:6": 0,
  "gpt_models/pytorch-bert-large/return_code:7": 0,
  "gpt_models/pytorch-bert-large/fp32_inference_step_time:0": 8282.80177116394,
  "gpt_models/pytorch-bert-large/fp32_inference_step_time:1": 8287.201974391937,
  "gpt_models/pytorch-bert-large/fp32_inference_step_time:2": 8295.48603773117,
  "gpt_models/pytorch-bert-large/fp32_inference_step_time:3": 8280.810594558716,
  "gpt_models/pytorch-bert-large/fp32_inference_step_time:4": 8265.063438415527,
  "gpt_models/pytorch-bert-large/fp32_inference_step_time:5": 8268.3620595932,
  "gpt_models/pytorch-bert-large/fp32_inference_step_time:6": 8262.299706935883,
  "gpt_models/pytorch-bert-large/fp32_inference_step_time:7": 8276.575825214386,
  "gpt_models/pytorch-bert-large/fp32_inference_throughput:0": 187.137911917265,
  "gpt_models/pytorch-bert-large/fp32_inference_throughput:1": 187.04370109204393,
  "gpt_models/pytorch-bert-large/fp32_inference_throughput:2": 186.85161128823236,
  "gpt_models/pytorch-bert-large/fp32_inference_throughput:3": 187.18060946453585,
  "gpt_models/pytorch-bert-large/fp32_inference_throughput:4": 187.53955160046462,
  "gpt_models/pytorch-bert-large/fp32_inference_throughput:5": 187.46827525579297,
  "gpt_models/pytorch-bert-large/fp32_inference_throughput:6": 187.59947752655785,
  "gpt_models/pytorch-bert-large/fp32_inference_throughput:7": 187.27837096395385,
  "gpt_models/pytorch-bert-large/fp32_inference_step_time_50:0": 8274.502754211426,
  "gpt_models/pytorch-bert-large/fp32_inference_step_time_50:1": 8269.7274684906,
  "gpt_models/pytorch-bert-large/fp32_inference_step_time_50:2": 8286.884784698486,
  "gpt_models/pytorch-bert-large/fp32_inference_step_time_50:3": 8278.101205825806,
  "gpt_models/pytorch-bert-large/fp32_inference_step_time_50:4": 8256.98184967041,
  "gpt_models/pytorch-bert-large/fp32_inference_step_time_50:5": 8259.300947189331,
  "gpt_models/pytorch-bert-large/fp32_inference_step_time_50:6": 8261.077880859375,
  "gpt_models/pytorch-bert-large/fp32_inference_step_time_50:7": 8269.413709640503,
  "gpt_models/pytorch-bert-large/fp32_inference_step_time_90:0": 8285.532712936401,
  "gpt_models/pytorch-bert-large/fp32_inference_step_time_90:1": 8354.94875907898,
  "gpt_models/pytorch-bert-large/fp32_inference_step_time_90:2": 8295.85862159729,
  "gpt_models/pytorch-bert-large/fp32_inference_step_time_90:3": 8281.798362731934,
  "gpt_models/pytorch-bert-large/fp32_inference_step_time_90:4": 8261.60216331482,
  "gpt_models/pytorch-bert-large/fp32_inference_step_time_90:5": 8264.954328536987,
  "gpt_models/pytorch-bert-large/fp32_inference_step_time_90:6": 8263.109683990479,
  "gpt_models/pytorch-bert-large/fp32_inference_step_time_90:7": 8274.991989135742,
  "gpt_models/pytorch-bert-large/fp32_inference_step_time_95:0": 8308.567762374878,
  "gpt_models/pytorch-bert-large/fp32_inference_step_time_95:1": 8404.406309127808,
  "gpt_models/pytorch-bert-large/fp32_inference_step_time_95:2": 8370.8815574646,
  "gpt_models/pytorch-bert-large/fp32_inference_step_time_95:3": 8283.792734146118,
  "gpt_models/pytorch-bert-large/fp32_inference_step_time_95:4": 8304.64243888855,
  "gpt_models/pytorch-bert-large/fp32_inference_step_time_95:5": 8268.041849136353,
  "gpt_models/pytorch-bert-large/fp32_inference_step_time_95:6": 8264.183759689331,
  "gpt_models/pytorch-bert-large/fp32_inference_step_time_95:7": 8340.507745742798,
  "gpt_models/pytorch-bert-large/fp32_inference_step_time_99:0": 8485.61406135559,
  "gpt_models/pytorch-bert-large/fp32_inference_step_time_99:1": 8488.437414169312,
  "gpt_models/pytorch-bert-large/fp32_inference_step_time_99:2": 8480.618476867676,
  "gpt_models/pytorch-bert-large/fp32_inference_step_time_99:3": 8356.65488243103,
  "gpt_models/pytorch-bert-large/fp32_inference_step_time_99:4": 8432.854890823364,
  "gpt_models/pytorch-bert-large/fp32_inference_step_time_99:5": 8497.62749671936,
  "gpt_models/pytorch-bert-large/fp32_inference_step_time_99:6": 8293.673276901245,
  "gpt_models/pytorch-bert-large/fp32_inference_step_time_99:7": 8412.318706512451,
  "gpt_models/pytorch-bert-large/fp32_inference_step_time_99.9:0": 8496.808767318726,
  "gpt_models/pytorch-bert-large/fp32_inference_step_time_99.9:1": 8601.285457611084,
  "gpt_models/pytorch-bert-large/fp32_inference_step_time_99.9:2": 8484.394073486328,
  "gpt_models/pytorch-bert-large/fp32_inference_step_time_99.9:3": 8433.693408966064,
  "gpt_models/pytorch-bert-large/fp32_inference_step_time_99.9:4": 8453.321933746338,
  "gpt_models/pytorch-bert-large/fp32_inference_step_time_99.9:5": 8672.080755233765,
  "gpt_models/pytorch-bert-large/fp32_inference_step_time_99.9:6": 8373.512983322144,
  "gpt_models/pytorch-bert-large/fp32_inference_step_time_99.9:7": 8483.62421989441,
  "gpt_models/pytorch-bert-large/fp32_inference_throughput_50:0": 187.3265042360147,
  "gpt_models/pytorch-bert-large/fp32_inference_throughput_50:1": 187.43100213958633,
  "gpt_models/pytorch-bert-large/fp32_inference_throughput_50:2": 187.04500185385746,
  "gpt_models/pytorch-bert-large/fp32_inference_throughput_50:3": 187.2415563582963,
  "gpt_models/pytorch-bert-large/fp32_inference_throughput_50:4": 187.7224276048941,
  "gpt_models/pytorch-bert-large/fp32_inference_throughput_50:5": 187.67448453735474,
  "gpt_models/pytorch-bert-large/fp32_inference_throughput_50:6": 187.62702622688926,
  "gpt_models/pytorch-bert-large/fp32_inference_throughput_50:7": 187.43942688696885,
  "gpt_models/pytorch-bert-large/fp32_inference_throughput_90:0": 187.4080500318176,
  "gpt_models/pytorch-bert-large/fp32_inference_throughput_90:1": 187.5118601517361,
  "gpt_models/pytorch-bert-large/fp32_inference_throughput_90:2": 187.17461812028313,
  "gpt_models/pytorch-bert-large/fp32_inference_throughput_90:3": 187.31214211998628,
  "gpt_models/pytorch-bert-large/fp32_inference_throughput_90:4": 187.79224271789832,
  "gpt_models/pytorch-bert-large/fp32_inference_throughput_90:5": 187.77620911797734,
  "gpt_models/pytorch-bert-large/fp32_inference_throughput_90:6": 187.68349468607855,
  "gpt_models/pytorch-bert-large/fp32_inference_throughput_90:7": 187.56614338215925,
  "gpt_models/pytorch-bert-large/fp32_inference_throughput_95:0": 187.4165969818737,
  "gpt_models/pytorch-bert-large/fp32_inference_throughput_95:1": 187.52552267360682,
  "gpt_models/pytorch-bert-large/fp32_inference_throughput_95:2": 187.2124937737863,
  "gpt_models/pytorch-bert-large/fp32_inference_throughput_95:3": 187.3317293326331,
  "gpt_models/pytorch-bert-large/fp32_inference_throughput_95:4": 187.8254956703044,
  "gpt_models/pytorch-bert-large/fp32_inference_throughput_95:5": 187.79033872025047,
  "gpt_models/pytorch-bert-large/fp32_inference_throughput_95:6": 187.69518262006278,
  "gpt_models/pytorch-bert-large/fp32_inference_throughput_95:7": 187.5884413937607,
  "gpt_models/pytorch-bert-large/fp32_inference_throughput_99:0": 187.4331204140315,
  "gpt_models/pytorch-bert-large/fp32_inference_throughput_99:1": 187.54026377084355,
  "gpt_models/pytorch-bert-large/fp32_inference_throughput_99:2": 187.2396850815691,
  "gpt_models/pytorch-bert-large/fp32_inference_throughput_99:3": 187.36276204806518,
  "gpt_models/pytorch-bert-large/fp32_inference_throughput_99:4": 187.86883061046774,
  "gpt_models/pytorch-bert-large/fp32_inference_throughput_99:5": 187.82340107586663,
  "gpt_models/pytorch-bert-large/fp32_inference_throughput_99:6": 187.72671533187324,
  "gpt_models/pytorch-bert-large/fp32_inference_throughput_99:7": 187.62998286842816,
  "gpt_models/pytorch-bert-large/fp32_inference_throughput_99.9:0": 187.43659513625656,
  "gpt_models/pytorch-bert-large/fp32_inference_throughput_99.9:1": 187.54606888289646,
  "gpt_models/pytorch-bert-large/fp32_inference_throughput_99.9:2": 187.29915280552106,
  "gpt_models/pytorch-bert-large/fp32_inference_throughput_99.9:3": 187.36465198530405,
  "gpt_models/pytorch-bert-large/fp32_inference_throughput_99.9:4": 187.89520284474114,
  "gpt_models/pytorch-bert-large/fp32_inference_throughput_99.9:5": 187.8974076534284,
  "gpt_models/pytorch-bert-large/fp32_inference_throughput_99.9:6": 187.73618588563693,
  "gpt_models/pytorch-bert-large/fp32_inference_throughput_99.9:7": 187.64679850837857,
  "monitor/gpu_temperature:0": 59,
  "monitor/gpu_temperature:1": 54,
  "monitor/gpu_temperature:2": 54,
  "monitor/gpu_temperature:3": 53,
  "monitor/gpu_temperature:4": 52,
  "monitor/gpu_temperature:5": 55,
  "monitor/gpu_temperature:6": 54,
  "monitor/gpu_temperature:7": 53,
  "monitor/gpu_power_limit:0": 500,
  "monitor/gpu_power_limit:1": 500,
  "monitor/gpu_power_limit:2": 500,
  "monitor/gpu_power_limit:3": 500,
  "monitor/gpu_power_limit:4": 500,
  "monitor/gpu_power_limit:5": 500,
  "monitor/gpu_power_limit:6": 500,
  "monitor/gpu_power_limit:7": 500,
  "monitor/gpu_corrected_ecc:0": 0,
  "monitor/gpu_corrected_ecc:1": 0,
  "monitor/gpu_corrected_ecc:2": 0,
  "monitor/gpu_corrected_ecc:3": 0,
  "monitor/gpu_corrected_ecc:4": 0,
  "monitor/gpu_corrected_ecc:5": 0,
  "monitor/gpu_corrected_ecc:6": 0,
  "monitor/gpu_corrected_ecc:7": 0,
  "monitor/gpu_uncorrected_ecc:0": 0,
  "monitor/gpu_uncorrected_ecc:1": 0,
  "monitor/gpu_uncorrected_ecc:2": 0,
  "monitor/gpu_uncorrected_ecc:3": 0,
  "monitor/gpu_uncorrected_ecc:4": 0,
  "monitor/gpu_uncorrected_ecc:5": 0,
  "monitor/gpu_uncorrected_ecc:6": 0,
  "monitor/gpu_uncorrected_ecc:7": 0,
  "monitor/gpu_remap_correctable_error:0": 0,
  "monitor/gpu_remap_uncorrectable_error:0": 0,
  "monitor/gpu_remap_max:0": 640,
  "monitor/gpu_remap_high:0": 0,
  "monitor/gpu_remap_partial:0": 0,
  "monitor/gpu_remap_low:0": 0,
  "monitor/gpu_remap_none:0": 0,
  "monitor/gpu_remap_correctable_error:1": 0,
  "monitor/gpu_remap_uncorrectable_error:1": 0,
  "monitor/gpu_remap_max:1": 640,
  "monitor/gpu_remap_high:1": 0,
  "monitor/gpu_remap_partial:1": 0,
  "monitor/gpu_remap_low:1": 0,
  "monitor/gpu_remap_none:1": 0,
  "monitor/gpu_remap_correctable_error:2": 0,
  "monitor/gpu_remap_uncorrectable_error:2": 0,
  "monitor/gpu_remap_max:2": 640,
  "monitor/gpu_remap_high:2": 0,
  "monitor/gpu_remap_partial:2": 0,
  "monitor/gpu_remap_low:2": 0,
  "monitor/gpu_remap_none:2": 0,
  "monitor/gpu_remap_correctable_error:3": 0,
  "monitor/gpu_remap_uncorrectable_error:3": 0,
  "monitor/gpu_remap_max:3": 640,
  "monitor/gpu_remap_high:3": 0,
  "monitor/gpu_remap_partial:3": 0,
  "monitor/gpu_remap_low:3": 0,
  "monitor/gpu_remap_none:3": 0,
  "monitor/gpu_remap_correctable_error:4": 0,
  "monitor/gpu_remap_uncorrectable_error:4": 0,
  "monitor/gpu_remap_max:4": 640,
  "monitor/gpu_remap_high:4": 0,
  "monitor/gpu_remap_partial:4": 0,
  "monitor/gpu_remap_low:4": 0,
  "monitor/gpu_remap_none:4": 0,
  "monitor/gpu_remap_correctable_error:5": 0,
  "monitor/gpu_remap_uncorrectable_error:5": 0,
  "monitor/gpu_remap_max:5": 640,
  "monitor/gpu_remap_high:5": 0,
  "monitor/gpu_remap_partial:5": 0,
  "monitor/gpu_remap_low:5": 0,
  "monitor/gpu_remap_none:5": 0,
  "monitor/gpu_remap_correctable_error:6": 0,
  "monitor/gpu_remap_uncorrectable_error:6": 0,
  "monitor/gpu_remap_max:6": 640,
  "monitor/gpu_remap_high:6": 0,
  "monitor/gpu_remap_partial:6": 0,
  "monitor/gpu_remap_low:6": 0,
  "monitor/gpu_remap_none:6": 0,
  "monitor/gpu_remap_correctable_error:7": 0,
  "monitor/gpu_remap_uncorrectable_error:7": 0,
  "monitor/gpu_remap_max:7": 640,
  "monitor/gpu_remap_high:7": 0,
  "monitor/gpu_remap_partial:7": 0,
  "monitor/gpu_remap_low:7": 0,
  "monitor/gpu_remap_none:7": 0
}