{
  "gpt_models/pytorch-vgg16/return_code:0": 0,
  "gpt_models/pytorch-vgg16/return_code:1": 0,
  "gpt_models/pytorch-vgg16/return_code:2": 0,
  "gpt_models/pytorch-vgg16/return_code:3": 0,
  "gpt_models/pytorch-vgg16/return_code:4": 0,
  "gpt_models/pytorch-vgg16/return_code:5": 0,
  "gpt_models/pytorch-vgg16/return_code:6": 0,
  "gpt_models/pytorch-vgg16/return_code:7": 0,
  "gpt_models/pytorch-vgg16/fp32_inference_step_time:0": 1105.478105545044,
  "gpt_models/pytorch-vgg16/fp32_inference_step_time:1": 1117.1408033370972,
  "gpt_models/pytorch-vgg16/fp32_inference_step_time:2": 1096.5981602668762,
  "gpt_models/pytorch-vgg16/fp32_inference_step_time:3": 1100.5089163780212,
  "gpt_models/pytorch-vgg16/fp32_inference_step_time:4": 1102.7060890197754,
  "gpt_models/pytorch-vgg16/fp32_inference_step_time:5": 1102.6025414466858,
  "gpt_models/pytorch-vgg16/fp32_inference_step_time:6": 1102.8008770942688,
  "gpt_models/pytorch-vgg16/fp32_inference_step_time:7": 1096.5055131912231,
  "gpt_models/pytorch-vgg16/fp32_inference_throughput:0": 1765.5314241458957,
  "gpt_models/pytorch-vgg16/fp32_inference_throughput:1": 1746.401580809171,
  "gpt_models/pytorch-vgg16/fp32_inference_throughput:2": 1778.7665911191366,
  "gpt_models/pytorch-vgg16/fp32_inference_throughput:3": 1772.6307151758954,
  "gpt_models/pytorch-vgg16/fp32_inference_throughput:4": 1769.0797778400033,
  "gpt_models/pytorch-vgg16/fp32_inference_throughput:5": 1769.2846548099108,
  "gpt_models/pytorch-vgg16/fp32_inference_throughput:6": 1769.094654024115,
  "gpt_models/pytorch-vgg16/fp32_inference_throughput:7": 1779.013103858788,
  "gpt_models/pytorch-vgg16/fp32_inference_step_time_50:0": 1099.9951362609863,
  "gpt_models/pytorch-vgg16/fp32_inference_step_time_50:1": 1116.3523197174072,
  "gpt_models/pytorch-vgg16/fp32_inference_step_time_50:2": 1095.1340198516846,
  "gpt_models/pytorch-vgg16/fp32_inference_step_time_50:3": 1097.6781845092773,
  "gpt_models/pytorch-vgg16/fp32_inference_step_time_50:4": 1100.0823974609375,
  "gpt_models/pytorch-vgg16/fp32_inference_step_time_50:5": 1099.043369293213,
  "gpt_models/pytorch-vgg16/fp32_inference_step_time_50:6": 1099.8046398162842,
  "gpt_models/pytorch-vgg16/fp32_inference_step_time_50:7": 1094.4938659667969,
  "gpt_models/pytorch-vgg16/fp32_inference_step_time_90:0": 1122.7962970733643,
  "gpt_models/pytorch-vgg16/fp32_inference_step_time_90:1": 1136.888027191162,
  "gpt_models/pytorch-vgg16/fp32_inference_step_time_90:2": 1103.9142608642578,
  "gpt_models/pytorch-vgg16/fp32_inference_step_time_90:3": 1124.5734691619873,
  "gpt_models/pytorch-vgg16/fp32_inference_step_time_90:4": 1111.9458675384521,
  "gpt_models/pytorch-vgg16/fp32_inference_step_time_90:5": 1120.9774017333984,
  "gpt_models/pytorch-vgg16/fp32_inference_step_time_90:6": 1129.3601989746094,
  "gpt_models/pytorch-vgg16/fp32_inference_step_time_90:7": 1114.6659851074219,
  "gpt_models/pytorch-vgg16/fp32_inference_step_time_95:0": 1152.665138244629,
  "gpt_models/pytorch-vgg16/fp32_inference_step_time_95:1": 1142.1129703521729,
  "gpt_models/pytorch-vgg16/fp32_inference_step_time_95:2": 1125.4899501800537,
  "gpt_models/pytorch-vgg16/fp32_inference_step_time_95:3": 1156.0726165771484,
  "gpt_models/pytorch-vgg16/fp32_inference_step_time_95:4": 1128.9122104644775,
  "gpt_models/pytorch-vgg16/fp32_inference_step_time_95:5": 1129.8863887786865,
  "gpt_models/pytorch-vgg16/fp32_inference_step_time_95:6": 1145.3912258148193,
  "gpt_models/pytorch-vgg16/fp32_inference_step_time_95:7": 1144.402027130127,
  "gpt_models/pytorch-vgg16/fp32_inference_step_time_99:0": 1176.9397258758545,
  "gpt_models/pytorch-vgg16/fp32_inference_step_time_99:1": 1183.225393295288,
  "gpt_models/pytorch-vgg16/fp32_inference_step_time_99:2": 1156.0263633728027,
  "gpt_models/pytorch-vgg16/fp32_inference_step_time_99:3": 1173.903465270996,
  "gpt_models/pytorch-vgg16/fp32_inference_step_time_99:4": 1214.2415046691895,
  "gpt_models/pytorch-vgg16/fp32_inference_step_time_99:5": 1184.138298034668,
  "gpt_models/pytorch-vgg16/fp32_inference_step_time_99:6": 1165.6765937805176,
  "gpt_models/pytorch-vgg16/fp32_inference_step_time_99:7": 1152.0423889160156,
  "gpt_models/pytorch-vgg16/fp32_inference_step_time_99.9:0": 1410.1567268371582,
  "gpt_models/pytorch-vgg16/fp32_inference_step_time_99.9:1": 1293.9388751983643,
  "gpt_models/pytorch-vgg16/fp32_inference_step_time_99.9:2": 1227.9179096221924,
  "gpt_models/pytorch-vgg16/fp32_inference_step_time_99.9:3": 1177.9897212982178,
  "gpt_models/pytorch-vgg16/fp32_inference_step_time_99.9:4": 1224.7810363769531,
  "gpt_models/pytorch-vgg16/fp32_inference_step_time_99.9:5": 1188.2927417755127,
  "gpt_models/pytorch-vgg16/fp32_inference_step_time_99.9:6": 1255.683422088623,
  "gpt_models/pytorch-vgg16/fp32_inference_step_time_99.9:7": 1158.324956893921,
  "gpt_models/pytorch-vgg16/fp32_inference_throughput_50:0": 1773.0448558696596,
  "gpt_models/pytorch-vgg16/fp32_inference_throughput_50:1": 1747.4612552700673,
  "gpt_models/pytorch-vgg16/fp32_inference_throughput_50:2": 1780.7571201825415,
  "gpt_models/pytorch-vgg16/fp32_inference_throughput_50:3": 1776.8960939927133,
  "gpt_models/pytorch-vgg16/fp32_inference_throughput_50:4": 1772.9287849458403,
  "gpt_models/pytorch-vgg16/fp32_inference_throughput_50:5": 1774.3973174770122,
  "gpt_models/pytorch-vgg16/fp32_inference_throughput_50:6": 1773.365475055257,
  "gpt_models/pytorch-vgg16/fp32_inference_throughput_50:7": 1782.0355649196504,
  "gpt_models/pytorch-vgg16/fp32_inference_throughput_90:0": 1798.2208395398306,
  "gpt_models/pytorch-vgg16/fp32_inference_throughput_90:1": 1787.530223294497,
  "gpt_models/pytorch-vgg16/fp32_inference_throughput_90:2": 1812.3552440108288,
  "gpt_models/pytorch-vgg16/fp32_inference_throughput_90:3": 1810.8925986461193,
  "gpt_models/pytorch-vgg16/fp32_inference_throughput_90:4": 1790.0038606286785,
  "gpt_models/pytorch-vgg16/fp32_inference_throughput_90:5": 1803.718854346746,
  "gpt_models/pytorch-vgg16/fp32_inference_throughput_90:6": 1811.2422950882114,
  "gpt_models/pytorch-vgg16/fp32_inference_throughput_90:7": 1825.1947119316721,
  "gpt_models/pytorch-vgg16/fp32_inference_throughput_95:0": 1813.1885423781569,
  "gpt_models/pytorch-vgg16/fp32_inference_throughput_95:1": 1809.4134981051682,
  "gpt_models/pytorch-vgg16/fp32_inference_throughput_95:2": 1821.8884759755495,
  "gpt_models/pytorch-vgg16/fp32_inference_throughput_95:3": 1819.1697946684437,
  "gpt_models/pytorch-vgg16/fp32_inference_throughput_95:4": 1820.291294936457,
  "gpt_models/pytorch-vgg16/fp32_inference_throughput_95:5": 1811.5002426365725,
  "gpt_models/pytorch-vgg16/fp32_inference_throughput_95:6": 1825.3882041640554,
  "gpt_models/pytorch-vgg16/fp32_inference_throughput_95:7": 1832.8913629548954,
  "gpt_models/pytorch-vgg16/fp32_inference_throughput_99:0": 1824.3019204603752,
  "gpt_models/pytorch-vgg16/fp32_inference_throughput_99:1": 1821.544798919219,
  "gpt_models/pytorch-vgg16/fp32_inference_throughput_99:2": 1831.8195185066813,
  "gpt_models/pytorch-vgg16/fp32_inference_throughput_99:3": 1831.105515060307,
  "gpt_models/pytorch-vgg16/fp32_inference_throughput_99:4": 1824.4178973302567,
  "gpt_models/pytorch-vgg16/fp32_inference_throughput_99:5": 1833.411521659601,
  "gpt_models/pytorch-vgg16/fp32_inference_throughput_99:6": 1837.0666923022325,
  "gpt_models/pytorch-vgg16/fp32_inference_throughput_99:7": 1842.7640877319511,
  "gpt_models/pytorch-vgg16/fp32_inference_throughput_99.9:0": 1824.3251146547266,
  "gpt_models/pytorch-vgg16/fp32_inference_throughput_99.9:1": 1831.5701076853725,
  "gpt_models/pytorch-vgg16/fp32_inference_throughput_99.9:2": 1836.372094861234,
  "gpt_models/pytorch-vgg16/fp32_inference_throughput_99.9:3": 1847.5094212017532,
  "gpt_models/pytorch-vgg16/fp32_inference_throughput_99.9:4": 1834.5078614144488,
  "gpt_models/pytorch-vgg16/fp32_inference_throughput_99.9:5": 1834.0866066194824,
  "gpt_models/pytorch-vgg16/fp32_inference_throughput_99.9:6": 1837.5789024574092,
  "gpt_models/pytorch-vgg16/fp32_inference_throughput_99.9:7": 1849.03100372117,
  "monitor/gpu_temperature:0": 48,
  "monitor/gpu_temperature:1": 45,
  "monitor/gpu_temperature:2": 47,
  "monitor/gpu_temperature:3": 45,
  "monitor/gpu_temperature:4": 43,
  "monitor/gpu_temperature:5": 44,
  "monitor/gpu_temperature:6": 44,
  "monitor/gpu_temperature:7": 44,
  "monitor/gpu_power_limit:0": 500,
  "monitor/gpu_power_limit:1": 500,
  "monitor/gpu_power_limit:2": 500,
  "monitor/gpu_power_limit:3": 500,
  "monitor/gpu_power_limit:4": 500,
  "monitor/gpu_power_limit:5": 500,
  "monitor/gpu_power_limit:6": 500,
  "monitor/gpu_power_limit:7": 500,
  "monitor/gpu_corrected_ecc:0": 0,
  "monitor/gpu_corrected_ecc:1": 0,
  "monitor/gpu_corrected_ecc:2": 0,
  "monitor/gpu_corrected_ecc:3": 0,
  "monitor/gpu_corrected_ecc:4": 0,
  "monitor/gpu_corrected_ecc:5": 0,
  "monitor/gpu_corrected_ecc:6": 0,
  "monitor/gpu_corrected_ecc:7": 0,
  "monitor/gpu_uncorrected_ecc:0": 0,
  "monitor/gpu_uncorrected_ecc:1": 0,
  "monitor/gpu_uncorrected_ecc:2": 0,
  "monitor/gpu_uncorrected_ecc:3": 0,
  "monitor/gpu_uncorrected_ecc:4": 0,
  "monitor/gpu_uncorrected_ecc:5": 0,
  "monitor/gpu_uncorrected_ecc:6": 0,
  "monitor/gpu_uncorrected_ecc:7": 0,
  "monitor/gpu_remap_correctable_error:0": 0,
  "monitor/gpu_remap_uncorrectable_error:0": 0,
  "monitor/gpu_remap_max:0": 640,
  "monitor/gpu_remap_high:0": 0,
  "monitor/gpu_remap_partial:0": 0,
  "monitor/gpu_remap_low:0": 0,
  "monitor/gpu_remap_none:0": 0,
  "monitor/gpu_remap_correctable_error:1": 0,
  "monitor/gpu_remap_uncorrectable_error:1": 0,
  "monitor/gpu_remap_max:1": 640,
  "monitor/gpu_remap_high:1": 0,
  "monitor/gpu_remap_partial:1": 0,
  "monitor/gpu_remap_low:1": 0,
  "monitor/gpu_remap_none:1": 0,
  "monitor/gpu_remap_correctable_error:2": 0,
  "monitor/gpu_remap_uncorrectable_error:2": 0,
  "monitor/gpu_remap_max:2": 640,
  "monitor/gpu_remap_high:2": 0,
  "monitor/gpu_remap_partial:2": 0,
  "monitor/gpu_remap_low:2": 0,
  "monitor/gpu_remap_none:2": 0,
  "monitor/gpu_remap_correctable_error:3": 0,
  "monitor/gpu_remap_uncorrectable_error:3": 0,
  "monitor/gpu_remap_max:3": 640,
  "monitor/gpu_remap_high:3": 0,
  "monitor/gpu_remap_partial:3": 0,
  "monitor/gpu_remap_low:3": 0,
  "monitor/gpu_remap_none:3": 0,
  "monitor/gpu_remap_correctable_error:4": 0,
  "monitor/gpu_remap_uncorrectable_error:4": 0,
  "monitor/gpu_remap_max:4": 640,
  "monitor/gpu_remap_high:4": 0,
  "monitor/gpu_remap_partial:4": 0,
  "monitor/gpu_remap_low:4": 0,
  "monitor/gpu_remap_none:4": 0,
  "monitor/gpu_remap_correctable_error:5": 0,
  "monitor/gpu_remap_uncorrectable_error:5": 0,
  "monitor/gpu_remap_max:5": 640,
  "monitor/gpu_remap_high:5": 0,
  "monitor/gpu_remap_partial:5": 0,
  "monitor/gpu_remap_low:5": 0,
  "monitor/gpu_remap_none:5": 0,
  "monitor/gpu_remap_correctable_error:6": 0,
  "monitor/gpu_remap_uncorrectable_error:6": 0,
  "monitor/gpu_remap_max:6": 640,
  "monitor/gpu_remap_high:6": 0,
  "monitor/gpu_remap_partial:6": 0,
  "monitor/gpu_remap_low:6": 0,
  "monitor/gpu_remap_none:6": 0,
  "monitor/gpu_remap_correctable_error:7": 0,
  "monitor/gpu_remap_uncorrectable_error:7": 0,
  "monitor/gpu_remap_max:7": 640,
  "monitor/gpu_remap_high:7": 0,
  "monitor/gpu_remap_partial:7": 0,
  "monitor/gpu_remap_low:7": 0,
  "monitor/gpu_remap_none:7": 0
}