{
  "gpt_models/pytorch-vgg16/return_code:0": 0,
  "gpt_models/pytorch-vgg16/return_code:1": 0,
  "gpt_models/pytorch-vgg16/return_code:2": 0,
  "gpt_models/pytorch-vgg16/return_code:3": 0,
  "gpt_models/pytorch-vgg16/return_code:4": 0,
  "gpt_models/pytorch-vgg16/return_code:5": 0,
  "gpt_models/pytorch-vgg16/return_code:6": 0,
  "gpt_models/pytorch-vgg16/return_code:7": 0,
  "gpt_models/pytorch-vgg16/fp32_inference_step_time:0": 609.0788674354553,
  "gpt_models/pytorch-vgg16/fp32_inference_step_time:1": 610.8151984214783,
  "gpt_models/pytorch-vgg16/fp32_inference_step_time:2": 611.6599774360657,
  "gpt_models/pytorch-vgg16/fp32_inference_step_time:3": 618.5194063186646,
  "gpt_models/pytorch-vgg16/fp32_inference_step_time:4": 609.5713520050049,
  "gpt_models/pytorch-vgg16/fp32_inference_step_time:5": 607.5925660133362,
  "gpt_models/pytorch-vgg16/fp32_inference_step_time:6": 621.0359525680542,
  "gpt_models/pytorch-vgg16/fp32_inference_step_time:7": 616.686635017395,
  "gpt_models/pytorch-vgg16/fp32_inference_throughput:0": 1685.4689671753276,
  "gpt_models/pytorch-vgg16/fp32_inference_throughput:1": 1681.6568727583913,
  "gpt_models/pytorch-vgg16/fp32_inference_throughput:2": 1679.3287909010057,
  "gpt_models/pytorch-vgg16/fp32_inference_throughput:3": 1662.3808489394125,
  "gpt_models/pytorch-vgg16/fp32_inference_throughput:4": 1684.4124365231603,
  "gpt_models/pytorch-vgg16/fp32_inference_throughput:5": 1689.6001382604097,
  "gpt_models/pytorch-vgg16/fp32_inference_throughput:6": 1655.7773537650892,
  "gpt_models/pytorch-vgg16/fp32_inference_throughput:7": 1666.1117632724406,
  "gpt_models/pytorch-vgg16/fp32_inference_step_time_50:0": 597.8190898895264,
  "gpt_models/pytorch-vgg16/fp32_inference_step_time_50:1": 596.2696075439453,
  "gpt_models/pytorch-vgg16/fp32_inference_step_time_50:2": 601.2842655181885,
  "gpt_models/pytorch-vgg16/fp32_inference_step_time_50:3": 607.8205108642578,
  "gpt_models/pytorch-vgg16/fp32_inference_step_time_50:4": 603.456974029541,
  "gpt_models/pytorch-vgg16/fp32_inference_step_time_50:5": 598.8547801971436,
  "gpt_models/pytorch-vgg16/fp32_inference_step_time_50:6": 617.659330368042,
  "gpt_models/pytorch-vgg16/fp32_inference_step_time_50:7": 611.4139556884766,
  "gpt_models/pytorch-vgg16/fp32_inference_step_time_90:0": 655.7657718658447,
  "gpt_models/pytorch-vgg16/fp32_inference_step_time_90:1": 660.7730388641357,
  "gpt_models/pytorch-vgg16/fp32_inference_step_time_90:2": 659.6639156341553,
  "gpt_models/pytorch-vgg16/fp32_inference_step_time_90:3": 675.7819652557373,
  "gpt_models/pytorch-vgg16/fp32_inference_step_time_90:4": 651.6509056091309,
  "gpt_models/pytorch-vgg16/fp32_inference_step_time_90:5": 658.9751243591309,
  "gpt_models/pytorch-vgg16/fp32_inference_step_time_90:6": 679.7053813934326,
  "gpt_models/pytorch-vgg16/fp32_inference_step_time_90:7": 667.2616004943848,
  "gpt_models/pytorch-vgg16/fp32_inference_step_time_95:0": 673.0625629425049,
  "gpt_models/pytorch-vgg16/fp32_inference_step_time_95:1": 682.8141212463379,
  "gpt_models/pytorch-vgg16/fp32_inference_step_time_95:2": 675.1010417938232,
  "gpt_models/pytorch-vgg16/fp32_inference_step_time_95:3": 696.8755722045898,
  "gpt_models/pytorch-vgg16/fp32_inference_step_time_95:4": 680.6972026824951,
  "gpt_models/pytorch-vgg16/fp32_inference_step_time_95:5": 675.98557472229,
  "gpt_models/pytorch-vgg16/fp32_inference_step_time_95:6": 700.8647918701172,
  "gpt_models/pytorch-vgg16/fp32_inference_step_time_95:7": 684.2334270477295,
  "gpt_models/pytorch-vgg16/fp32_inference_step_time_99:0": 692.6591396331787,
  "gpt_models/pytorch-vgg16/fp32_inference_step_time_99:1": 702.5902271270752,
  "gpt_models/pytorch-vgg16/fp32_inference_step_time_99:2": 700.7427215576172,
  "gpt_models/pytorch-vgg16/fp32_inference_step_time_99:3": 714.3418788909912,
  "gpt_models/pytorch-vgg16/fp32_inference_step_time_99:4": 703.0336856842041,
  "gpt_models/pytorch-vgg16/fp32_inference_step_time_99:5": 689.6176338195801,
  "gpt_models/pytorch-vgg16/fp32_inference_step_time_99:6": 717.5662517547607,
  "gpt_models/pytorch-vgg16/fp32_inference_step_time_99:7": 710.5562686920166,
  "gpt_models/pytorch-vgg16/fp32_inference_step_time_99.9:0": 693.0060386657715,
  "gpt_models/pytorch-vgg16/fp32_inference_step_time_99.9:1": 706.3121795654297,
  "gpt_models/pytorch-vgg16/fp32_inference_step_time_99.9:2": 721.6312885284424,
  "gpt_models/pytorch-vgg16/fp32_inference_step_time_99.9:3": 724.1835594177246,
  "gpt_models/pytorch-vgg16/fp32_inference_step_time_99.9:4": 706.86936378479,
  "gpt_models/pytorch-vgg16/fp32_inference_step_time_99.9:5": 709.0017795562744,
  "gpt_models/pytorch-vgg16/fp32_inference_step_time_99.9:6": 735.4638576507568,
  "gpt_models/pytorch-vgg16/fp32_inference_step_time_99.9:7": 748.7032413482666,
  "gpt_models/pytorch-vgg16/fp32_inference_throughput_50:0": 1713.5146451760904,
  "gpt_models/pytorch-vgg16/fp32_inference_throughput_50:1": 1720.4609412334937,
  "gpt_models/pytorch-vgg16/fp32_inference_throughput_50:2": 1705.1634075101606,
  "gpt_models/pytorch-vgg16/fp32_inference_throughput_50:3": 1684.76536707963,
  "gpt_models/pytorch-vgg16/fp32_inference_throughput_50:4": 1698.6078412606257,
  "gpt_models/pytorch-vgg16/fp32_inference_throughput_50:5": 1710.3811953007366,
  "gpt_models/pytorch-vgg16/fp32_inference_throughput_50:6": 1665.626290336967,
  "gpt_models/pytorch-vgg16/fp32_inference_throughput_50:7": 1674.8762730813942,
  "gpt_models/pytorch-vgg16/fp32_inference_throughput_90:0": 1771.9155216856057,
  "gpt_models/pytorch-vgg16/fp32_inference_throughput_90:1": 1776.2566629776493,
  "gpt_models/pytorch-vgg16/fp32_inference_throughput_90:2": 1768.0459571952608,
  "gpt_models/pytorch-vgg16/fp32_inference_throughput_90:3": 1770.249644607828,
  "gpt_models/pytorch-vgg16/fp32_inference_throughput_90:4": 1764.254130111344,
  "gpt_models/pytorch-vgg16/fp32_inference_throughput_90:5": 1767.4449777226164,
  "gpt_models/pytorch-vgg16/fp32_inference_throughput_90:6": 1767.429703909033,
  "gpt_models/pytorch-vgg16/fp32_inference_throughput_90:7": 1770.8328197398032,
  "gpt_models/pytorch-vgg16/fp32_inference_throughput_95:0": 1783.4139561613165,
  "gpt_models/pytorch-vgg16/fp32_inference_throughput_95:1": 1783.5642970481474,
  "gpt_models/pytorch-vgg16/fp32_inference_throughput_95:2": 1775.0241235674166,
  "gpt_models/pytorch-vgg16/fp32_inference_throughput_95:3": 1777.5990583412868,
  "gpt_models/pytorch-vgg16/fp32_inference_throughput_95:4": 1778.2077003811066,
  "gpt_models/pytorch-vgg16/fp32_inference_throughput_95:5": 1775.3256769849904,
  "gpt_models/pytorch-vgg16/fp32_inference_throughput_95:6": 1780.2464078747591,
  "gpt_models/pytorch-vgg16/fp32_inference_throughput_95:7": 1773.7119824964886,
  "gpt_models/pytorch-vgg16/fp32_inference_throughput_99:0": 1786.2019716991922,
  "gpt_models/pytorch-vgg16/fp32_inference_throughput_99:1": 1788.3074596513961,
  "gpt_models/pytorch-vgg16/fp32_inference_throughput_99:2": 1782.456220964833,
  "gpt_models/pytorch-vgg16/fp32_inference_throughput_99:3": 1782.76030511791,
  "gpt_models/pytorch-vgg16/fp32_inference_throughput_99:4": 1818.3457863802112,
  "gpt_models/pytorch-vgg16/fp32_inference_throughput_99:5": 1805.8919601666394,
  "gpt_models/pytorch-vgg16/fp32_inference_throughput_99:6": 1812.7471901149447,
  "gpt_models/pytorch-vgg16/fp32_inference_throughput_99:7": 1775.497410110367,
  "gpt_models/pytorch-vgg16/fp32_inference_throughput_99.9:0": 1793.2525991922578,
  "gpt_models/pytorch-vgg16/fp32_inference_throughput_99.9:1": 1788.3633065860988,
  "gpt_models/pytorch-vgg16/fp32_inference_throughput_99.9:2": 1784.2822834998954,
  "gpt_models/pytorch-vgg16/fp32_inference_throughput_99.9:3": 1783.782817908236,
  "gpt_models/pytorch-vgg16/fp32_inference_throughput_99.9:4": 1828.3793437111146,
  "gpt_models/pytorch-vgg16/fp32_inference_throughput_99.9:5": 1807.8044273236042,
  "gpt_models/pytorch-vgg16/fp32_inference_throughput_99.9:6": 1822.8124899468685,
  "gpt_models/pytorch-vgg16/fp32_inference_throughput_99.9:7": 1819.1798913651196,
  "monitor/gpu_temperature:0": 41,
  "monitor/gpu_temperature:1": 41,
  "monitor/gpu_temperature:2": 43,
  "monitor/gpu_temperature:3": 41,
  "monitor/gpu_temperature:4": 34,
  "monitor/gpu_temperature:5": 42,
  "monitor/gpu_temperature:6": 40,
  "monitor/gpu_temperature:7": 40,
  "monitor/gpu_power_limit:0": 500,
  "monitor/gpu_power_limit:1": 500,
  "monitor/gpu_power_limit:2": 500,
  "monitor/gpu_power_limit:3": 500,
  "monitor/gpu_power_limit:4": 500,
  "monitor/gpu_power_limit:5": 500,
  "monitor/gpu_power_limit:6": 500,
  "monitor/gpu_power_limit:7": 500,
  "monitor/gpu_corrected_ecc:0": 0,
  "monitor/gpu_corrected_ecc:1": 0,
  "monitor/gpu_corrected_ecc:2": 0,
  "monitor/gpu_corrected_ecc:3": 0,
  "monitor/gpu_corrected_ecc:4": 0,
  "monitor/gpu_corrected_ecc:5": 0,
  "monitor/gpu_corrected_ecc:6": 0,
  "monitor/gpu_corrected_ecc:7": 0,
  "monitor/gpu_uncorrected_ecc:0": 0,
  "monitor/gpu_uncorrected_ecc:1": 0,
  "monitor/gpu_uncorrected_ecc:2": 0,
  "monitor/gpu_uncorrected_ecc:3": 0,
  "monitor/gpu_uncorrected_ecc:4": 0,
  "monitor/gpu_uncorrected_ecc:5": 0,
  "monitor/gpu_uncorrected_ecc:6": 0,
  "monitor/gpu_uncorrected_ecc:7": 0,
  "monitor/gpu_remap_correctable_error:0": 0,
  "monitor/gpu_remap_uncorrectable_error:0": 0,
  "monitor/gpu_remap_max:0": 640,
  "monitor/gpu_remap_high:0": 0,
  "monitor/gpu_remap_partial:0": 0,
  "monitor/gpu_remap_low:0": 0,
  "monitor/gpu_remap_none:0": 0,
  "monitor/gpu_remap_correctable_error:1": 0,
  "monitor/gpu_remap_uncorrectable_error:1": 0,
  "monitor/gpu_remap_max:1": 640,
  "monitor/gpu_remap_high:1": 0,
  "monitor/gpu_remap_partial:1": 0,
  "monitor/gpu_remap_low:1": 0,
  "monitor/gpu_remap_none:1": 0,
  "monitor/gpu_remap_correctable_error:2": 0,
  "monitor/gpu_remap_uncorrectable_error:2": 0,
  "monitor/gpu_remap_max:2": 640,
  "monitor/gpu_remap_high:2": 0,
  "monitor/gpu_remap_partial:2": 0,
  "monitor/gpu_remap_low:2": 0,
  "monitor/gpu_remap_none:2": 0,
  "monitor/gpu_remap_correctable_error:3": 0,
  "monitor/gpu_remap_uncorrectable_error:3": 0,
  "monitor/gpu_remap_max:3": 640,
  "monitor/gpu_remap_high:3": 0,
  "monitor/gpu_remap_partial:3": 0,
  "monitor/gpu_remap_low:3": 0,
  "monitor/gpu_remap_none:3": 0,
  "monitor/gpu_remap_correctable_error:4": 0,
  "monitor/gpu_remap_uncorrectable_error:4": 0,
  "monitor/gpu_remap_max:4": 640,
  "monitor/gpu_remap_high:4": 0,
  "monitor/gpu_remap_partial:4": 0,
  "monitor/gpu_remap_low:4": 0,
  "monitor/gpu_remap_none:4": 0,
  "monitor/gpu_remap_correctable_error:5": 0,
  "monitor/gpu_remap_uncorrectable_error:5": 0,
  "monitor/gpu_remap_max:5": 640,
  "monitor/gpu_remap_high:5": 0,
  "monitor/gpu_remap_partial:5": 0,
  "monitor/gpu_remap_low:5": 0,
  "monitor/gpu_remap_none:5": 0,
  "monitor/gpu_remap_correctable_error:6": 0,
  "monitor/gpu_remap_uncorrectable_error:6": 0,
  "monitor/gpu_remap_max:6": 640,
  "monitor/gpu_remap_high:6": 0,
  "monitor/gpu_remap_partial:6": 0,
  "monitor/gpu_remap_low:6": 0,
  "monitor/gpu_remap_none:6": 0,
  "monitor/gpu_remap_correctable_error:7": 0,
  "monitor/gpu_remap_uncorrectable_error:7": 0,
  "monitor/gpu_remap_max:7": 640,
  "monitor/gpu_remap_high:7": 0,
  "monitor/gpu_remap_partial:7": 0,
  "monitor/gpu_remap_low:7": 0,
  "monitor/gpu_remap_none:7": 0
}