{
  "gpt_models/pytorch-vgg16/return_code:0": 0,
  "gpt_models/pytorch-vgg16/return_code:1": 0,
  "gpt_models/pytorch-vgg16/return_code:2": 0,
  "gpt_models/pytorch-vgg16/return_code:3": 0,
  "gpt_models/pytorch-vgg16/return_code:4": 0,
  "gpt_models/pytorch-vgg16/return_code:5": 0,
  "gpt_models/pytorch-vgg16/return_code:6": 0,
  "gpt_models/pytorch-vgg16/return_code:7": 0,
  "gpt_models/pytorch-vgg16/fp32_inference_step_time:0": 153.30443382263184,
  "gpt_models/pytorch-vgg16/fp32_inference_step_time:1": 152.43905544281006,
  "gpt_models/pytorch-vgg16/fp32_inference_step_time:2": 156.44613027572632,
  "gpt_models/pytorch-vgg16/fp32_inference_step_time:3": 154.81114625930786,
  "gpt_models/pytorch-vgg16/fp32_inference_step_time:4": 153.8401985168457,
  "gpt_models/pytorch-vgg16/fp32_inference_step_time:5": 155.75056552886963,
  "gpt_models/pytorch-vgg16/fp32_inference_step_time:6": 154.58779096603394,
  "gpt_models/pytorch-vgg16/fp32_inference_step_time:7": 158.4814715385437,
  "gpt_models/pytorch-vgg16/fp32_inference_throughput:0": 1677.4088388845964,
  "gpt_models/pytorch-vgg16/fp32_inference_throughput:1": 1685.2492727459241,
  "gpt_models/pytorch-vgg16/fp32_inference_throughput:2": 1644.386337244936,
  "gpt_models/pytorch-vgg16/fp32_inference_throughput:3": 1662.217234291161,
  "gpt_models/pytorch-vgg16/fp32_inference_throughput:4": 1671.5793109977806,
  "gpt_models/pytorch-vgg16/fp32_inference_throughput:5": 1652.1642382358405,
  "gpt_models/pytorch-vgg16/fp32_inference_throughput:6": 1665.455073509215,
  "gpt_models/pytorch-vgg16/fp32_inference_throughput:7": 1625.3006575837303,
  "gpt_models/pytorch-vgg16/fp32_inference_step_time_50:0": 146.92449569702148,
  "gpt_models/pytorch-vgg16/fp32_inference_step_time_50:1": 147.06659317016602,
  "gpt_models/pytorch-vgg16/fp32_inference_step_time_50:2": 149.5814323425293,
  "gpt_models/pytorch-vgg16/fp32_inference_step_time_50:3": 148.22673797607422,
  "gpt_models/pytorch-vgg16/fp32_inference_step_time_50:4": 147.0355987548828,
  "gpt_models/pytorch-vgg16/fp32_inference_step_time_50:5": 148.21624755859375,
  "gpt_models/pytorch-vgg16/fp32_inference_step_time_50:6": 147.2780704498291,
  "gpt_models/pytorch-vgg16/fp32_inference_step_time_50:7": 154.21628952026367,
  "gpt_models/pytorch-vgg16/fp32_inference_step_time_90:0": 166.26667976379395,
  "gpt_models/pytorch-vgg16/fp32_inference_step_time_90:1": 167.30642318725586,
  "gpt_models/pytorch-vgg16/fp32_inference_step_time_90:2": 172.93477058410645,
  "gpt_models/pytorch-vgg16/fp32_inference_step_time_90:3": 169.17133331298828,
  "gpt_models/pytorch-vgg16/fp32_inference_step_time_90:4": 168.63584518432617,
  "gpt_models/pytorch-vgg16/fp32_inference_step_time_90:5": 173.74253273010254,
  "gpt_models/pytorch-vgg16/fp32_inference_step_time_90:6": 169.07978057861328,
  "gpt_models/pytorch-vgg16/fp32_inference_step_time_90:7": 178.43317985534668,
  "gpt_models/pytorch-vgg16/fp32_inference_step_time_95:0": 178.55453491210938,
  "gpt_models/pytorch-vgg16/fp32_inference_step_time_95:1": 170.58539390563965,
  "gpt_models/pytorch-vgg16/fp32_inference_step_time_95:2": 176.09286308288574,
  "gpt_models/pytorch-vgg16/fp32_inference_step_time_95:3": 172.44267463684082,
  "gpt_models/pytorch-vgg16/fp32_inference_step_time_95:4": 176.15866661071777,
  "gpt_models/pytorch-vgg16/fp32_inference_step_time_95:5": 175.52709579467773,
  "gpt_models/pytorch-vgg16/fp32_inference_step_time_95:6": 173.28810691833496,
  "gpt_models/pytorch-vgg16/fp32_inference_step_time_95:7": 179.66246604919434,
  "gpt_models/pytorch-vgg16/fp32_inference_step_time_99:0": 183.05444717407227,
  "gpt_models/pytorch-vgg16/fp32_inference_step_time_99:1": 172.4400520324707,
  "gpt_models/pytorch-vgg16/fp32_inference_step_time_99:2": 183.53652954101562,
  "gpt_models/pytorch-vgg16/fp32_inference_step_time_99:3": 179.93545532226562,
  "gpt_models/pytorch-vgg16/fp32_inference_step_time_99:4": 184.59320068359375,
  "gpt_models/pytorch-vgg16/fp32_inference_step_time_99:5": 185.79459190368652,
  "gpt_models/pytorch-vgg16/fp32_inference_step_time_99:6": 189.29505348205566,
  "gpt_models/pytorch-vgg16/fp32_inference_step_time_99:7": 182.2640895843506,
  "gpt_models/pytorch-vgg16/fp32_inference_step_time_99.9:0": 185.07957458496094,
  "gpt_models/pytorch-vgg16/fp32_inference_step_time_99.9:1": 173.38991165161133,
  "gpt_models/pytorch-vgg16/fp32_inference_step_time_99.9:2": 184.35144424438477,
  "gpt_models/pytorch-vgg16/fp32_inference_step_time_99.9:3": 222.01991081237793,
  "gpt_models/pytorch-vgg16/fp32_inference_step_time_99.9:4": 185.80102920532227,
  "gpt_models/pytorch-vgg16/fp32_inference_step_time_99.9:5": 190.2315616607666,
  "gpt_models/pytorch-vgg16/fp32_inference_step_time_99.9:6": 210.38198471069336,
  "gpt_models/pytorch-vgg16/fp32_inference_step_time_99.9:7": 182.5096607208252,
  "gpt_models/pytorch-vgg16/fp32_inference_throughput_50:0": 1743.9310315704674,
  "gpt_models/pytorch-vgg16/fp32_inference_throughput_50:1": 1741.5663332998129,
  "gpt_models/pytorch-vgg16/fp32_inference_throughput_50:2": 1713.6493292178836,
  "gpt_models/pytorch-vgg16/fp32_inference_throughput_50:3": 1728.8468427272755,
  "gpt_models/pytorch-vgg16/fp32_inference_throughput_50:4": 1741.1568407107054,
  "gpt_models/pytorch-vgg16/fp32_inference_throughput_50:5": 1729.7492130487315,
  "gpt_models/pytorch-vgg16/fp32_inference_throughput_50:6": 1739.0249465939146,
  "gpt_models/pytorch-vgg16/fp32_inference_throughput_50:7": 1662.324320976951,
  "gpt_models/pytorch-vgg16/fp32_inference_throughput_90:0": 1769.2119742166801,
  "gpt_models/pytorch-vgg16/fp32_inference_throughput_90:1": 1765.6771520047885,
  "gpt_models/pytorch-vgg16/fp32_inference_throughput_90:2": 1745.901792987722,
  "gpt_models/pytorch-vgg16/fp32_inference_throughput_90:3": 1756.8052880446342,
  "gpt_models/pytorch-vgg16/fp32_inference_throughput_90:4": 1770.4430205677993,
  "gpt_models/pytorch-vgg16/fp32_inference_throughput_90:5": 1751.5522647600499,
  "gpt_models/pytorch-vgg16/fp32_inference_throughput_90:6": 1773.8738792914032,
  "gpt_models/pytorch-vgg16/fp32_inference_throughput_90:7": 1766.8102460142597,
  "gpt_models/pytorch-vgg16/fp32_inference_throughput_95:0": 1778.1039000180504,
  "gpt_models/pytorch-vgg16/fp32_inference_throughput_95:1": 1771.0650288898162,
  "gpt_models/pytorch-vgg16/fp32_inference_throughput_95:2": 1751.1009375698204,
  "gpt_models/pytorch-vgg16/fp32_inference_throughput_95:3": 1760.7087556470192,
  "gpt_models/pytorch-vgg16/fp32_inference_throughput_95:4": 1777.3827853683244,
  "gpt_models/pytorch-vgg16/fp32_inference_throughput_95:5": 1756.6270932446846,
  "gpt_models/pytorch-vgg16/fp32_inference_throughput_95:6": 1786.006623452878,
  "gpt_models/pytorch-vgg16/fp32_inference_throughput_95:7": 1771.003684705339,
  "gpt_models/pytorch-vgg16/fp32_inference_throughput_99:0": 1800.5893132638414,
  "gpt_models/pytorch-vgg16/fp32_inference_throughput_99:1": 1788.1689743034624,
  "gpt_models/pytorch-vgg16/fp32_inference_throughput_99:2": 1761.271937536907,
  "gpt_models/pytorch-vgg16/fp32_inference_throughput_99:3": 1766.9003748572482,
  "gpt_models/pytorch-vgg16/fp32_inference_throughput_99:4": 1784.1992668733778,
  "gpt_models/pytorch-vgg16/fp32_inference_throughput_99:5": 1769.3110946331174,
  "gpt_models/pytorch-vgg16/fp32_inference_throughput_99:6": 1799.3160016757436,
  "gpt_models/pytorch-vgg16/fp32_inference_throughput_99:7": 1811.2809273828964,
  "gpt_models/pytorch-vgg16/fp32_inference_throughput_99.9:0": 1803.9562578228035,
  "gpt_models/pytorch-vgg16/fp32_inference_throughput_99.9:1": 1797.8758932936835,
  "gpt_models/pytorch-vgg16/fp32_inference_throughput_99.9:2": 1762.2258357814578,
  "gpt_models/pytorch-vgg16/fp32_inference_throughput_99.9:3": 1770.6152701991844,
  "gpt_models/pytorch-vgg16/fp32_inference_throughput_99.9:4": 1791.4985534425398,
  "gpt_models/pytorch-vgg16/fp32_inference_throughput_99.9:5": 1776.8827637336087,
  "gpt_models/pytorch-vgg16/fp32_inference_throughput_99.9:6": 1803.728979153018,
  "gpt_models/pytorch-vgg16/fp32_inference_throughput_99.9:7": 1812.7242375948786,
  "monitor/gpu_temperature:0": 41,
  "monitor/gpu_temperature:1": 35,
  "monitor/gpu_temperature:2": 36,
  "monitor/gpu_temperature:3": 37,
  "monitor/gpu_temperature:4": 33,
  "monitor/gpu_temperature:5": 36,
  "monitor/gpu_temperature:6": 38,
  "monitor/gpu_temperature:7": 37,
  "monitor/gpu_power_limit:0": 500,
  "monitor/gpu_power_limit:1": 500,
  "monitor/gpu_power_limit:2": 500,
  "monitor/gpu_power_limit:3": 500,
  "monitor/gpu_power_limit:4": 500,
  "monitor/gpu_power_limit:5": 500,
  "monitor/gpu_power_limit:6": 500,
  "monitor/gpu_power_limit:7": 500,
  "monitor/gpu_corrected_ecc:0": 0,
  "monitor/gpu_corrected_ecc:1": 0,
  "monitor/gpu_corrected_ecc:2": 0,
  "monitor/gpu_corrected_ecc:3": 0,
  "monitor/gpu_corrected_ecc:4": 0,
  "monitor/gpu_corrected_ecc:5": 0,
  "monitor/gpu_corrected_ecc:6": 0,
  "monitor/gpu_corrected_ecc:7": 0,
  "monitor/gpu_uncorrected_ecc:0": 0,
  "monitor/gpu_uncorrected_ecc:1": 0,
  "monitor/gpu_uncorrected_ecc:2": 0,
  "monitor/gpu_uncorrected_ecc:3": 0,
  "monitor/gpu_uncorrected_ecc:4": 0,
  "monitor/gpu_uncorrected_ecc:5": 0,
  "monitor/gpu_uncorrected_ecc:6": 0,
  "monitor/gpu_uncorrected_ecc:7": 0,
  "monitor/gpu_remap_correctable_error:0": 0,
  "monitor/gpu_remap_uncorrectable_error:0": 0,
  "monitor/gpu_remap_max:0": 640,
  "monitor/gpu_remap_high:0": 0,
  "monitor/gpu_remap_partial:0": 0,
  "monitor/gpu_remap_low:0": 0,
  "monitor/gpu_remap_none:0": 0,
  "monitor/gpu_remap_correctable_error:1": 0,
  "monitor/gpu_remap_uncorrectable_error:1": 0,
  "monitor/gpu_remap_max:1": 640,
  "monitor/gpu_remap_high:1": 0,
  "monitor/gpu_remap_partial:1": 0,
  "monitor/gpu_remap_low:1": 0,
  "monitor/gpu_remap_none:1": 0,
  "monitor/gpu_remap_correctable_error:2": 0,
  "monitor/gpu_remap_uncorrectable_error:2": 0,
  "monitor/gpu_remap_max:2": 640,
  "monitor/gpu_remap_high:2": 0,
  "monitor/gpu_remap_partial:2": 0,
  "monitor/gpu_remap_low:2": 0,
  "monitor/gpu_remap_none:2": 0,
  "monitor/gpu_remap_correctable_error:3": 0,
  "monitor/gpu_remap_uncorrectable_error:3": 0,
  "monitor/gpu_remap_max:3": 640,
  "monitor/gpu_remap_high:3": 0,
  "monitor/gpu_remap_partial:3": 0,
  "monitor/gpu_remap_low:3": 0,
  "monitor/gpu_remap_none:3": 0,
  "monitor/gpu_remap_correctable_error:4": 0,
  "monitor/gpu_remap_uncorrectable_error:4": 0,
  "monitor/gpu_remap_max:4": 640,
  "monitor/gpu_remap_high:4": 0,
  "monitor/gpu_remap_partial:4": 0,
  "monitor/gpu_remap_low:4": 0,
  "monitor/gpu_remap_none:4": 0,
  "monitor/gpu_remap_correctable_error:5": 0,
  "monitor/gpu_remap_uncorrectable_error:5": 0,
  "monitor/gpu_remap_max:5": 640,
  "monitor/gpu_remap_high:5": 0,
  "monitor/gpu_remap_partial:5": 0,
  "monitor/gpu_remap_low:5": 0,
  "monitor/gpu_remap_none:5": 0,
  "monitor/gpu_remap_correctable_error:6": 0,
  "monitor/gpu_remap_uncorrectable_error:6": 0,
  "monitor/gpu_remap_max:6": 640,
  "monitor/gpu_remap_high:6": 0,
  "monitor/gpu_remap_partial:6": 0,
  "monitor/gpu_remap_low:6": 0,
  "monitor/gpu_remap_none:6": 0,
  "monitor/gpu_remap_correctable_error:7": 0,
  "monitor/gpu_remap_uncorrectable_error:7": 0,
  "monitor/gpu_remap_max:7": 640,
  "monitor/gpu_remap_high:7": 0,
  "monitor/gpu_remap_partial:7": 0,
  "monitor/gpu_remap_low:7": 0,
  "monitor/gpu_remap_none:7": 0
}