{
  "gpt_models/pytorch-vgg16/return_code:0": 0,
  "gpt_models/pytorch-vgg16/return_code:1": 0,
  "gpt_models/pytorch-vgg16/return_code:2": 0,
  "gpt_models/pytorch-vgg16/return_code:3": 0,
  "gpt_models/pytorch-vgg16/return_code:4": 0,
  "gpt_models/pytorch-vgg16/return_code:5": 0,
  "gpt_models/pytorch-vgg16/return_code:6": 0,
  "gpt_models/pytorch-vgg16/return_code:7": 0,
  "gpt_models/pytorch-vgg16/fp32_inference_step_time:0": 19.147229194641113,
  "gpt_models/pytorch-vgg16/fp32_inference_step_time:1": 19.22914743423462,
  "gpt_models/pytorch-vgg16/fp32_inference_step_time:2": 19.227144718170166,
  "gpt_models/pytorch-vgg16/fp32_inference_step_time:3": 18.888192176818848,
  "gpt_models/pytorch-vgg16/fp32_inference_step_time:4": 19.307246208190918,
  "gpt_models/pytorch-vgg16/fp32_inference_step_time:5": 19.28887367248535,
  "gpt_models/pytorch-vgg16/fp32_inference_step_time:6": 19.072692394256592,
  "gpt_models/pytorch-vgg16/fp32_inference_step_time:7": 19.21973943710327,
  "gpt_models/pytorch-vgg16/fp32_inference_throughput:0": 1672.0402195387644,
  "gpt_models/pytorch-vgg16/fp32_inference_throughput:1": 1666.6588963489944,
  "gpt_models/pytorch-vgg16/fp32_inference_throughput:2": 1665.0086209431074,
  "gpt_models/pytorch-vgg16/fp32_inference_throughput:3": 1695.0504936752825,
  "gpt_models/pytorch-vgg16/fp32_inference_throughput:4": 1659.688116959151,
  "gpt_models/pytorch-vgg16/fp32_inference_throughput:5": 1660.1374887068216,
  "gpt_models/pytorch-vgg16/fp32_inference_throughput:6": 1679.379528518391,
  "gpt_models/pytorch-vgg16/fp32_inference_throughput:7": 1666.4017990428515,
  "gpt_models/pytorch-vgg16/fp32_inference_step_time_50:0": 19.122838973999023,
  "gpt_models/pytorch-vgg16/fp32_inference_step_time_50:1": 18.92709732055664,
  "gpt_models/pytorch-vgg16/fp32_inference_step_time_50:2": 19.09470558166504,
  "gpt_models/pytorch-vgg16/fp32_inference_step_time_50:3": 18.743515014648438,
  "gpt_models/pytorch-vgg16/fp32_inference_step_time_50:4": 19.084930419921875,
  "gpt_models/pytorch-vgg16/fp32_inference_step_time_50:5": 19.132375717163086,
  "gpt_models/pytorch-vgg16/fp32_inference_step_time_50:6": 18.83864402770996,
  "gpt_models/pytorch-vgg16/fp32_inference_step_time_50:7": 19.125938415527344,
  "gpt_models/pytorch-vgg16/fp32_inference_step_time_90:0": 19.41990852355957,
  "gpt_models/pytorch-vgg16/fp32_inference_step_time_90:1": 20.3859806060791,
  "gpt_models/pytorch-vgg16/fp32_inference_step_time_90:2": 19.899368286132812,
  "gpt_models/pytorch-vgg16/fp32_inference_step_time_90:3": 19.27804946899414,
  "gpt_models/pytorch-vgg16/fp32_inference_step_time_90:4": 20.22838592529297,
  "gpt_models/pytorch-vgg16/fp32_inference_step_time_90:5": 19.835948944091797,
  "gpt_models/pytorch-vgg16/fp32_inference_step_time_90:6": 20.023107528686523,
  "gpt_models/pytorch-vgg16/fp32_inference_step_time_90:7": 20.06840705871582,
  "gpt_models/pytorch-vgg16/fp32_inference_step_time_95:0": 19.51146125793457,
  "gpt_models/pytorch-vgg16/fp32_inference_step_time_95:1": 20.565271377563477,
  "gpt_models/pytorch-vgg16/fp32_inference_step_time_95:2": 20.02716064453125,
  "gpt_models/pytorch-vgg16/fp32_inference_step_time_95:3": 19.435644149780273,
  "gpt_models/pytorch-vgg16/fp32_inference_step_time_95:4": 20.39647102355957,
  "gpt_models/pytorch-vgg16/fp32_inference_step_time_95:5": 20.018577575683594,
  "gpt_models/pytorch-vgg16/fp32_inference_step_time_95:6": 20.31731605529785,
  "gpt_models/pytorch-vgg16/fp32_inference_step_time_95:7": 20.483016967773438,
  "gpt_models/pytorch-vgg16/fp32_inference_step_time_99:0": 20.906448364257812,
  "gpt_models/pytorch-vgg16/fp32_inference_step_time_99:1": 21.24953269958496,
  "gpt_models/pytorch-vgg16/fp32_inference_step_time_99:2": 20.94721794128418,
  "gpt_models/pytorch-vgg16/fp32_inference_step_time_99:3": 19.977807998657227,
  "gpt_models/pytorch-vgg16/fp32_inference_step_time_99:4": 21.900653839111328,
  "gpt_models/pytorch-vgg16/fp32_inference_step_time_99:5": 20.966053009033203,
  "gpt_models/pytorch-vgg16/fp32_inference_step_time_99:6": 20.601987838745117,
  "gpt_models/pytorch-vgg16/fp32_inference_step_time_99:7": 20.939111709594727,
  "gpt_models/pytorch-vgg16/fp32_inference_step_time_99.9:0": 21.407604217529297,
  "gpt_models/pytorch-vgg16/fp32_inference_step_time_99.9:1": 21.312475204467773,
  "gpt_models/pytorch-vgg16/fp32_inference_step_time_99.9:2": 21.089553833007812,
  "gpt_models/pytorch-vgg16/fp32_inference_step_time_99.9:3": 21.607160568237305,
  "gpt_models/pytorch-vgg16/fp32_inference_step_time_99.9:4": 23.108482360839844,
  "gpt_models/pytorch-vgg16/fp32_inference_step_time_99.9:5": 22.72629737854004,
  "gpt_models/pytorch-vgg16/fp32_inference_step_time_99.9:6": 21.111011505126953,
  "gpt_models/pytorch-vgg16/fp32_inference_step_time_99.9:7": 21.059751510620117,
  "gpt_models/pytorch-vgg16/fp32_inference_throughput_50:0": 1673.6003591156777,
  "gpt_models/pytorch-vgg16/fp32_inference_throughput_50:1": 1693.3640504157152,
  "gpt_models/pytorch-vgg16/fp32_inference_throughput_50:2": 1676.0664843467077,
  "gpt_models/pytorch-vgg16/fp32_inference_throughput_50:3": 1708.8874345883041,
  "gpt_models/pytorch-vgg16/fp32_inference_throughput_50:4": 1678.1621175558585,
  "gpt_models/pytorch-vgg16/fp32_inference_throughput_50:5": 1673.5168888168478,
  "gpt_models/pytorch-vgg16/fp32_inference_throughput_50:6": 1698.8940673138995,
  "gpt_models/pytorch-vgg16/fp32_inference_throughput_50:7": 1673.349973195028,
  "gpt_models/pytorch-vgg16/fp32_inference_throughput_90:0": 1716.6685169789603,
  "gpt_models/pytorch-vgg16/fp32_inference_throughput_90:1": 1729.7213480250016,
  "gpt_models/pytorch-vgg16/fp32_inference_throughput_90:2": 1686.8092850230616,
  "gpt_models/pytorch-vgg16/fp32_inference_throughput_90:3": 1729.4538894687335,
  "gpt_models/pytorch-vgg16/fp32_inference_throughput_90:4": 1712.4850464427886,
  "gpt_models/pytorch-vgg16/fp32_inference_throughput_90:5": 1684.6285771663822,
  "gpt_models/pytorch-vgg16/fp32_inference_throughput_90:6": 1723.3472175855782,
  "gpt_models/pytorch-vgg16/fp32_inference_throughput_90:7": 1724.055594091201,
  "gpt_models/pytorch-vgg16/fp32_inference_throughput_95:0": 1721.8438486209109,
  "gpt_models/pytorch-vgg16/fp32_inference_throughput_95:1": 1733.1834710743801,
  "gpt_models/pytorch-vgg16/fp32_inference_throughput_95:2": 1688.1883678808613,
  "gpt_models/pytorch-vgg16/fp32_inference_throughput_95:3": 1730.7027375533519,
  "gpt_models/pytorch-vgg16/fp32_inference_throughput_95:4": 1721.159359331119,
  "gpt_models/pytorch-vgg16/fp32_inference_throughput_95:5": 1688.3582570192211,
  "gpt_models/pytorch-vgg16/fp32_inference_throughput_95:6": 1728.718804739825,
  "gpt_models/pytorch-vgg16/fp32_inference_throughput_95:7": 1728.05108793614,
  "gpt_models/pytorch-vgg16/fp32_inference_throughput_99:0": 1729.075131402659,
  "gpt_models/pytorch-vgg16/fp32_inference_throughput_99:1": 1742.7931388207185,
  "gpt_models/pytorch-vgg16/fp32_inference_throughput_99:2": 1690.1228766071047,
  "gpt_models/pytorch-vgg16/fp32_inference_throughput_99:3": 1734.3480642993745,
  "gpt_models/pytorch-vgg16/fp32_inference_throughput_99:4": 1727.1838268411639,
  "gpt_models/pytorch-vgg16/fp32_inference_throughput_99:5": 1718.1848532950996,
  "gpt_models/pytorch-vgg16/fp32_inference_throughput_99:6": 1733.4744727291513,
  "gpt_models/pytorch-vgg16/fp32_inference_throughput_99:7": 1730.2342082194607,
  "gpt_models/pytorch-vgg16/fp32_inference_throughput_99.9:0": 1731.4395108232927,
  "gpt_models/pytorch-vgg16/fp32_inference_throughput_99.9:1": 1743.5402442192778,
  "gpt_models/pytorch-vgg16/fp32_inference_throughput_99.9:2": 1690.506052018389,
  "gpt_models/pytorch-vgg16/fp32_inference_throughput_99.9:3": 1742.9062954498233,
  "gpt_models/pytorch-vgg16/fp32_inference_throughput_99.9:4": 1731.5065213184546,
  "gpt_models/pytorch-vgg16/fp32_inference_throughput_99.9:5": 1723.502125200642,
  "gpt_models/pytorch-vgg16/fp32_inference_throughput_99.9:6": 1736.0754355783783,
  "gpt_models/pytorch-vgg16/fp32_inference_throughput_99.9:7": 1731.1491919361288,
  "monitor/gpu_temperature:0": 29,
  "monitor/gpu_temperature:1": 28,
  "monitor/gpu_temperature:2": 28,
  "monitor/gpu_temperature:3": 28,
  "monitor/gpu_temperature:4": 31,
  "monitor/gpu_temperature:5": 31,
  "monitor/gpu_temperature:6": 33,
  "monitor/gpu_temperature:7": 36,
  "monitor/gpu_power_limit:0": 500,
  "monitor/gpu_power_limit:1": 500,
  "monitor/gpu_power_limit:2": 500,
  "monitor/gpu_power_limit:3": 500,
  "monitor/gpu_power_limit:4": 500,
  "monitor/gpu_power_limit:5": 500,
  "monitor/gpu_power_limit:6": 500,
  "monitor/gpu_power_limit:7": 500,
  "monitor/gpu_corrected_ecc:0": 0,
  "monitor/gpu_corrected_ecc:1": 0,
  "monitor/gpu_corrected_ecc:2": 0,
  "monitor/gpu_corrected_ecc:3": 0,
  "monitor/gpu_corrected_ecc:4": 0,
  "monitor/gpu_corrected_ecc:5": 0,
  "monitor/gpu_corrected_ecc:6": 0,
  "monitor/gpu_corrected_ecc:7": 0,
  "monitor/gpu_uncorrected_ecc:0": 0,
  "monitor/gpu_uncorrected_ecc:1": 0,
  "monitor/gpu_uncorrected_ecc:2": 0,
  "monitor/gpu_uncorrected_ecc:3": 0,
  "monitor/gpu_uncorrected_ecc:4": 0,
  "monitor/gpu_uncorrected_ecc:5": 0,
  "monitor/gpu_uncorrected_ecc:6": 0,
  "monitor/gpu_uncorrected_ecc:7": 0,
  "monitor/gpu_remap_correctable_error:0": 0,
  "monitor/gpu_remap_uncorrectable_error:0": 0,
  "monitor/gpu_remap_max:0": 640,
  "monitor/gpu_remap_high:0": 0,
  "monitor/gpu_remap_partial:0": 0,
  "monitor/gpu_remap_low:0": 0,
  "monitor/gpu_remap_none:0": 0,
  "monitor/gpu_remap_correctable_error:1": 0,
  "monitor/gpu_remap_uncorrectable_error:1": 0,
  "monitor/gpu_remap_max:1": 640,
  "monitor/gpu_remap_high:1": 0,
  "monitor/gpu_remap_partial:1": 0,
  "monitor/gpu_remap_low:1": 0,
  "monitor/gpu_remap_none:1": 0,
  "monitor/gpu_remap_correctable_error:2": 0,
  "monitor/gpu_remap_uncorrectable_error:2": 0,
  "monitor/gpu_remap_max:2": 640,
  "monitor/gpu_remap_high:2": 0,
  "monitor/gpu_remap_partial:2": 0,
  "monitor/gpu_remap_low:2": 0,
  "monitor/gpu_remap_none:2": 0,
  "monitor/gpu_remap_correctable_error:3": 0,
  "monitor/gpu_remap_uncorrectable_error:3": 0,
  "monitor/gpu_remap_max:3": 640,
  "monitor/gpu_remap_high:3": 0,
  "monitor/gpu_remap_partial:3": 0,
  "monitor/gpu_remap_low:3": 0,
  "monitor/gpu_remap_none:3": 0,
  "monitor/gpu_remap_correctable_error:4": 0,
  "monitor/gpu_remap_uncorrectable_error:4": 0,
  "monitor/gpu_remap_max:4": 640,
  "monitor/gpu_remap_high:4": 0,
  "monitor/gpu_remap_partial:4": 0,
  "monitor/gpu_remap_low:4": 0,
  "monitor/gpu_remap_none:4": 0,
  "monitor/gpu_remap_correctable_error:5": 0,
  "monitor/gpu_remap_uncorrectable_error:5": 0,
  "monitor/gpu_remap_max:5": 640,
  "monitor/gpu_remap_high:5": 0,
  "monitor/gpu_remap_partial:5": 0,
  "monitor/gpu_remap_low:5": 0,
  "monitor/gpu_remap_none:5": 0,
  "monitor/gpu_remap_correctable_error:6": 0,
  "monitor/gpu_remap_uncorrectable_error:6": 0,
  "monitor/gpu_remap_max:6": 640,
  "monitor/gpu_remap_high:6": 0,
  "monitor/gpu_remap_partial:6": 0,
  "monitor/gpu_remap_low:6": 0,
  "monitor/gpu_remap_none:6": 0,
  "monitor/gpu_remap_correctable_error:7": 0,
  "monitor/gpu_remap_uncorrectable_error:7": 0,
  "monitor/gpu_remap_max:7": 640,
  "monitor/gpu_remap_high:7": 0,
  "monitor/gpu_remap_partial:7": 0,
  "monitor/gpu_remap_low:7": 0,
  "monitor/gpu_remap_none:7": 0
}