{
  "gpt_models/pytorch-resnet50/return_code:0": 0,
  "gpt_models/pytorch-resnet50/return_code:1": 0,
  "gpt_models/pytorch-resnet50/return_code:2": 0,
  "gpt_models/pytorch-resnet50/return_code:3": 0,
  "gpt_models/pytorch-resnet50/return_code:4": 0,
  "gpt_models/pytorch-resnet50/return_code:5": 0,
  "gpt_models/pytorch-resnet50/return_code:6": 0,
  "gpt_models/pytorch-resnet50/return_code:7": 0,
  "gpt_models/pytorch-resnet50/return_code:8": 0,
  "gpt_models/pytorch-resnet50/return_code:9": 0,
  "gpt_models/pytorch-resnet50/return_code:10": 0,
  "gpt_models/pytorch-resnet50/return_code:11": 0,
  "gpt_models/pytorch-resnet50/return_code:12": 0,
  "gpt_models/pytorch-resnet50/return_code:13": 0,
  "gpt_models/pytorch-resnet50/return_code:14": 0,
  "gpt_models/pytorch-resnet50/return_code:15": 0,
  "gpt_models/pytorch-resnet50/fp16_inference_step_time:0": 1394.5333075523376,
  "gpt_models/pytorch-resnet50/fp16_inference_step_time:1": 1382.8810548782349,
  "gpt_models/pytorch-resnet50/fp16_inference_step_time:2": 1365.7060647010803,
  "gpt_models/pytorch-resnet50/fp16_inference_step_time:3": 1370.5166554450989,
  "gpt_models/pytorch-resnet50/fp16_inference_step_time:4": 1413.1499361991882,
  "gpt_models/pytorch-resnet50/fp16_inference_step_time:5": 1360.7962441444397,
  "gpt_models/pytorch-resnet50/fp16_inference_step_time:6": 1385.9202933311462,
  "gpt_models/pytorch-resnet50/fp16_inference_step_time:7": 1327.7494192123413,
  "gpt_models/pytorch-resnet50/fp16_inference_step_time:8": 1391.5184354782104,
  "gpt_models/pytorch-resnet50/fp16_inference_step_time:9": 1364.524416923523,
  "gpt_models/pytorch-resnet50/fp16_inference_step_time:10": 1357.0583057403564,
  "gpt_models/pytorch-resnet50/fp16_inference_step_time:11": 1403.5111784934998,
  "gpt_models/pytorch-resnet50/fp16_inference_step_time:12": 1424.900643825531,
  "gpt_models/pytorch-resnet50/fp16_inference_step_time:13": 1354.6605396270752,
  "gpt_models/pytorch-resnet50/fp16_inference_step_time:14": 1402.502613067627,
  "gpt_models/pytorch-resnet50/fp16_inference_step_time:15": 1366.8380212783813,
  "gpt_models/pytorch-resnet50/fp16_inference_throughput:0": 4014.124019594696,
  "gpt_models/pytorch-resnet50/fp16_inference_throughput:1": 4022.2684013483554,
  "gpt_models/pytorch-resnet50/fp16_inference_throughput:2": 4058.2472055944795,
  "gpt_models/pytorch-resnet50/fp16_inference_throughput:3": 4053.537535325481,
  "gpt_models/pytorch-resnet50/fp16_inference_throughput:4": 3965.3846730726345,
  "gpt_models/pytorch-resnet50/fp16_inference_throughput:5": 4088.482492001336,
  "gpt_models/pytorch-resnet50/fp16_inference_throughput:6": 4005.948523698107,
  "gpt_models/pytorch-resnet50/fp16_inference_throughput:7": 4155.8138020937695,
  "gpt_models/pytorch-resnet50/fp16_inference_throughput:8": 3985.454502234306,
  "gpt_models/pytorch-resnet50/fp16_inference_throughput:9": 4061.487899702381,
  "gpt_models/pytorch-resnet50/fp16_inference_throughput:10": 4063.046784788969,
  "gpt_models/pytorch-resnet50/fp16_inference_throughput:11": 3998.639397966057,
  "gpt_models/pytorch-resnet50/fp16_inference_throughput:12": 3945.7250733276287,
  "gpt_models/pytorch-resnet50/fp16_inference_throughput:13": 4087.5301019056274,
  "gpt_models/pytorch-resnet50/fp16_inference_throughput:14": 3988.139597222215,
  "gpt_models/pytorch-resnet50/fp16_inference_throughput:15": 4079.476582405704,
  "gpt_models/pytorch-resnet50/fp16_inference_step_time_50:0": 1343.5571193695068,
  "gpt_models/pytorch-resnet50/fp16_inference_step_time_50:1": 1337.777853012085,
  "gpt_models/pytorch-resnet50/fp16_inference_step_time_50:2": 1331.7086696624756,
  "gpt_models/pytorch-resnet50/fp16_inference_step_time_50:3": 1331.1150074005127,
  "gpt_models/pytorch-resnet50/fp16_inference_step_time_50:4": 1345.1151847839355,
  "gpt_models/pytorch-resnet50/fp16_inference_step_time_50:5": 1319.767951965332,
  "gpt_models/pytorch-resnet50/fp16_inference_step_time_50:6": 1342.3566818237305,
  "gpt_models/pytorch-resnet50/fp16_inference_step_time_50:7": 1313.1368160247803,
  "gpt_models/pytorch-resnet50/fp16_inference_step_time_50:8": 1355.6654453277588,
  "gpt_models/pytorch-resnet50/fp16_inference_step_time_50:9": 1328.489065170288,
  "gpt_models/pytorch-resnet50/fp16_inference_step_time_50:10": 1341.7291641235352,
  "gpt_models/pytorch-resnet50/fp16_inference_step_time_50:11": 1337.7768993377686,
  "gpt_models/pytorch-resnet50/fp16_inference_step_time_50:12": 1345.2279567718506,
  "gpt_models/pytorch-resnet50/fp16_inference_step_time_50:13": 1327.7924060821533,
  "gpt_models/pytorch-resnet50/fp16_inference_step_time_50:14": 1341.843605041504,
  "gpt_models/pytorch-resnet50/fp16_inference_step_time_50:15": 1316.3442611694336,
  "gpt_models/pytorch-resnet50/fp16_inference_step_time_90:0": 1448.3771324157715,
  "gpt_models/pytorch-resnet50/fp16_inference_step_time_90:1": 1462.4459743499756,
  "gpt_models/pytorch-resnet50/fp16_inference_step_time_90:2": 1433.0575466156006,
  "gpt_models/pytorch-resnet50/fp16_inference_step_time_90:3": 1420.290231704712,
  "gpt_models/pytorch-resnet50/fp16_inference_step_time_90:4": 1539.8800373077393,
  "gpt_models/pytorch-resnet50/fp16_inference_step_time_90:5": 1412.468671798706,
  "gpt_models/pytorch-resnet50/fp16_inference_step_time_90:6": 1489.9485111236572,
  "gpt_models/pytorch-resnet50/fp16_inference_step_time_90:7": 1359.5290184020996,
  "gpt_models/pytorch-resnet50/fp16_inference_step_time_90:8": 1494.8959350585938,
  "gpt_models/pytorch-resnet50/fp16_inference_step_time_90:9": 1422.2314357757568,
  "gpt_models/pytorch-resnet50/fp16_inference_step_time_90:10": 1442.0251846313477,
  "gpt_models/pytorch-resnet50/fp16_inference_step_time_90:11": 1445.9848403930664,
  "gpt_models/pytorch-resnet50/fp16_inference_step_time_90:12": 1570.4576969146729,
  "gpt_models/pytorch-resnet50/fp16_inference_step_time_90:13": 1396.224021911621,
  "gpt_models/pytorch-resnet50/fp16_inference_step_time_90:14": 1495.7714080810547,
  "gpt_models/pytorch-resnet50/fp16_inference_step_time_90:15": 1413.1922721862793,
  "gpt_models/pytorch-resnet50/fp16_inference_step_time_95:0": 1522.4082469940186,
  "gpt_models/pytorch-resnet50/fp16_inference_step_time_95:1": 1677.1221160888672,
  "gpt_models/pytorch-resnet50/fp16_inference_step_time_95:2": 1465.6386375427246,
  "gpt_models/pytorch-resnet50/fp16_inference_step_time_95:3": 1578.0830383300781,
  "gpt_models/pytorch-resnet50/fp16_inference_step_time_95:4": 1657.268762588501,
  "gpt_models/pytorch-resnet50/fp16_inference_step_time_95:5": 1459.200143814087,
  "gpt_models/pytorch-resnet50/fp16_inference_step_time_95:6": 1540.557861328125,
  "gpt_models/pytorch-resnet50/fp16_inference_step_time_95:7": 1402.5144577026367,
  "gpt_models/pytorch-resnet50/fp16_inference_step_time_95:8": 1712.7559185028076,
  "gpt_models/pytorch-resnet50/fp16_inference_step_time_95:9": 1521.7392444610596,
  "gpt_models/pytorch-resnet50/fp16_inference_step_time_95:10": 1479.8247814178467,
  "gpt_models/pytorch-resnet50/fp16_inference_step_time_95:11": 1565.1147365570068,
  "gpt_models/pytorch-resnet50/fp16_inference_step_time_95:12": 1661.0417366027832,
  "gpt_models/pytorch-resnet50/fp16_inference_step_time_95:13": 1417.2642230987549,
  "gpt_models/pytorch-resnet50/fp16_inference_step_time_95:14": 1708.9502811431885,
  "gpt_models/pytorch-resnet50/fp16_inference_step_time_95:15": 1474.839687347412,
  "gpt_models/pytorch-resnet50/fp16_inference_step_time_99:0": 2745.852470397949,
  "gpt_models/pytorch-resnet50/fp16_inference_step_time_99:1": 2204.437017440796,
  "gpt_models/pytorch-resnet50/fp16_inference_step_time_99:2": 2230.0074100494385,
  "gpt_models/pytorch-resnet50/fp16_inference_step_time_99:3": 1954.9076557159424,
  "gpt_models/pytorch-resnet50/fp16_inference_step_time_99:4": 3002.631425857544,
  "gpt_models/pytorch-resnet50/fp16_inference_step_time_99:5": 2085.5801105499268,
  "gpt_models/pytorch-resnet50/fp16_inference_step_time_99:6": 1932.826280593872,
  "gpt_models/pytorch-resnet50/fp16_inference_step_time_99:7": 1425.7352352142334,
  "gpt_models/pytorch-resnet50/fp16_inference_step_time_99:8": 1999.9661445617676,
  "gpt_models/pytorch-resnet50/fp16_inference_step_time_99:9": 2172.166347503662,
  "gpt_models/pytorch-resnet50/fp16_inference_step_time_99:10": 1533.8993072509766,
  "gpt_models/pytorch-resnet50/fp16_inference_step_time_99:11": 2829.1845321655273,
  "gpt_models/pytorch-resnet50/fp16_inference_step_time_99:12": 3140.078067779541,
  "gpt_models/pytorch-resnet50/fp16_inference_step_time_99:13": 1952.8381824493408,
  "gpt_models/pytorch-resnet50/fp16_inference_step_time_99:14": 2708.359479904175,
  "gpt_models/pytorch-resnet50/fp16_inference_step_time_99:15": 2198.756217956543,
  "gpt_models/pytorch-resnet50/fp16_inference_step_time_99.9:0": 3481.9748401641846,
  "gpt_models/pytorch-resnet50/fp16_inference_step_time_99.9:1": 2621.587038040161,
  "gpt_models/pytorch-resnet50/fp16_inference_step_time_99.9:2": 2416.276216506958,
  "gpt_models/pytorch-resnet50/fp16_inference_step_time_99.9:3": 2739.051580429077,
  "gpt_models/pytorch-resnet50/fp16_inference_step_time_99.9:4": 3096.6408252716064,
  "gpt_models/pytorch-resnet50/fp16_inference_step_time_99.9:5": 3077.075242996216,
  "gpt_models/pytorch-resnet50/fp16_inference_step_time_99.9:6": 2671.87762260437,
  "gpt_models/pytorch-resnet50/fp16_inference_step_time_99.9:7": 2192.1494007110596,
  "gpt_models/pytorch-resnet50/fp16_inference_step_time_99.9:8": 2247.8554248809814,
  "gpt_models/pytorch-resnet50/fp16_inference_step_time_99.9:9": 2175.3833293914795,
  "gpt_models/pytorch-resnet50/fp16_inference_step_time_99.9:10": 1727.8635501861572,
  "gpt_models/pytorch-resnet50/fp16_inference_step_time_99.9:11": 2962.4648094177246,
  "gpt_models/pytorch-resnet50/fp16_inference_step_time_99.9:12": 3312.803030014038,
  "gpt_models/pytorch-resnet50/fp16_inference_step_time_99.9:13": 2547.1160411834717,
  "gpt_models/pytorch-resnet50/fp16_inference_step_time_99.9:14": 2966.52889251709,
  "gpt_models/pytorch-resnet50/fp16_inference_step_time_99.9:15": 3285.944700241089,
  "gpt_models/pytorch-resnet50/fp16_inference_throughput_50:0": 4094.0983378459155,
  "gpt_models/pytorch-resnet50/fp16_inference_throughput_50:1": 4115.850648288256,
  "gpt_models/pytorch-resnet50/fp16_inference_throughput_50:2": 4132.417664406514,
  "gpt_models/pytorch-resnet50/fp16_inference_throughput_50:3": 4132.766357524397,
  "gpt_models/pytorch-resnet50/fp16_inference_throughput_50:4": 4089.902907526351,
  "gpt_models/pytorch-resnet50/fp16_inference_throughput_50:5": 4168.038536791517,
  "gpt_models/pytorch-resnet50/fp16_inference_throughput_50:6": 4097.294226993931,
  "gpt_models/pytorch-resnet50/fp16_inference_throughput_50:7": 4189.935801475334,
  "gpt_models/pytorch-resnet50/fp16_inference_throughput_50:8": 4057.5048549512417,
  "gpt_models/pytorch-resnet50/fp16_inference_throughput_50:9": 4140.715611414458,
  "gpt_models/pytorch-resnet50/fp16_inference_throughput_50:10": 4113.370078226289,
  "gpt_models/pytorch-resnet50/fp16_inference_throughput_50:11": 4120.413744076675,
  "gpt_models/pytorch-resnet50/fp16_inference_throughput_50:12": 4097.182159270031,
  "gpt_models/pytorch-resnet50/fp16_inference_throughput_50:13": 4144.400892094572,
  "gpt_models/pytorch-resnet50/fp16_inference_throughput_50:14": 4099.209786071836,
  "gpt_models/pytorch-resnet50/fp16_inference_throughput_50:15": 4180.78183127336,
  "gpt_models/pytorch-resnet50/fp16_inference_throughput_90:0": 4266.363657884147,
  "gpt_models/pytorch-resnet50/fp16_inference_throughput_90:1": 4244.625970252788,
  "gpt_models/pytorch-resnet50/fp16_inference_throughput_90:2": 4278.068582852247,
  "gpt_models/pytorch-resnet50/fp16_inference_throughput_90:3": 4255.706101395683,
  "gpt_models/pytorch-resnet50/fp16_inference_throughput_90:4": 4275.133561600679,
  "gpt_models/pytorch-resnet50/fp16_inference_throughput_90:5": 4269.9820565284135,
  "gpt_models/pytorch-resnet50/fp16_inference_throughput_90:6": 4271.993700715077,
  "gpt_models/pytorch-resnet50/fp16_inference_throughput_90:7": 4289.731016336132,
  "gpt_models/pytorch-resnet50/fp16_inference_throughput_90:8": 4269.903811501861,
  "gpt_models/pytorch-resnet50/fp16_inference_throughput_90:9": 4247.099305365056,
  "gpt_models/pytorch-resnet50/fp16_inference_throughput_90:10": 4249.270242067618,
  "gpt_models/pytorch-resnet50/fp16_inference_throughput_90:11": 4244.612693134556,
  "gpt_models/pytorch-resnet50/fp16_inference_throughput_90:12": 4234.645543251675,
  "gpt_models/pytorch-resnet50/fp16_inference_throughput_90:13": 4247.515327471535,
  "gpt_models/pytorch-resnet50/fp16_inference_throughput_90:14": 4262.595428874676,
  "gpt_models/pytorch-resnet50/fp16_inference_throughput_90:15": 4250.674121651826,
  "gpt_models/pytorch-resnet50/fp16_inference_throughput_95:0": 4292.561513509973,
  "gpt_models/pytorch-resnet50/fp16_inference_throughput_95:1": 4269.136529923059,
  "gpt_models/pytorch-resnet50/fp16_inference_throughput_95:2": 4300.808438198374,
  "gpt_models/pytorch-resnet50/fp16_inference_throughput_95:3": 4276.224804829243,
  "gpt_models/pytorch-resnet50/fp16_inference_throughput_95:4": 4289.471780735314,
  "gpt_models/pytorch-resnet50/fp16_inference_throughput_95:5": 4292.59665876451,
  "gpt_models/pytorch-resnet50/fp16_inference_throughput_95:6": 4296.234907139554,
  "gpt_models/pytorch-resnet50/fp16_inference_throughput_95:7": 4311.173646765789,
  "gpt_models/pytorch-resnet50/fp16_inference_throughput_95:8": 4305.643237044625,
  "gpt_models/pytorch-resnet50/fp16_inference_throughput_95:9": 4275.575697615067,
  "gpt_models/pytorch-resnet50/fp16_inference_throughput_95:10": 4283.226905635098,
  "gpt_models/pytorch-resnet50/fp16_inference_throughput_95:11": 4263.209873622832,
  "gpt_models/pytorch-resnet50/fp16_inference_throughput_95:12": 4266.536462306854,
  "gpt_models/pytorch-resnet50/fp16_inference_throughput_95:13": 4274.937878259735,
  "gpt_models/pytorch-resnet50/fp16_inference_throughput_95:14": 4272.221553459551,
  "gpt_models/pytorch-resnet50/fp16_inference_throughput_95:15": 4271.103092997284,
  "gpt_models/pytorch-resnet50/fp16_inference_throughput_99:0": 4310.000074733389,
  "gpt_models/pytorch-resnet50/fp16_inference_throughput_99:1": 4289.121663003257,
  "gpt_models/pytorch-resnet50/fp16_inference_throughput_99:2": 4311.196206227954,
  "gpt_models/pytorch-resnet50/fp16_inference_throughput_99:3": 4289.628913651698,
  "gpt_models/pytorch-resnet50/fp16_inference_throughput_99:4": 4308.985695660133,
  "gpt_models/pytorch-resnet50/fp16_inference_throughput_99:5": 4313.8865025363075,
  "gpt_models/pytorch-resnet50/fp16_inference_throughput_99:6": 4314.945159445187,
  "gpt_models/pytorch-resnet50/fp16_inference_throughput_99:7": 4321.685280770222,
  "gpt_models/pytorch-resnet50/fp16_inference_throughput_99:8": 4331.676423357773,
  "gpt_models/pytorch-resnet50/fp16_inference_throughput_99:9": 4308.429599998954,
  "gpt_models/pytorch-resnet50/fp16_inference_throughput_99:10": 4330.846129339238,
  "gpt_models/pytorch-resnet50/fp16_inference_throughput_99:11": 4291.832379320847,
  "gpt_models/pytorch-resnet50/fp16_inference_throughput_99:12": 4312.092330071444,
  "gpt_models/pytorch-resnet50/fp16_inference_throughput_99:13": 4297.94463697604,
  "gpt_models/pytorch-resnet50/fp16_inference_throughput_99:14": 4290.523274964351,
  "gpt_models/pytorch-resnet50/fp16_inference_throughput_99:15": 4309.2344158596425,
  "gpt_models/pytorch-resnet50/fp16_inference_throughput_99.9:0": 4318.758851671954,
  "gpt_models/pytorch-resnet50/fp16_inference_throughput_99.9:1": 4321.700663691821,
  "gpt_models/pytorch-resnet50/fp16_inference_throughput_99.9:2": 4320.915464954085,
  "gpt_models/pytorch-resnet50/fp16_inference_throughput_99.9:3": 4296.218104750323,
  "gpt_models/pytorch-resnet50/fp16_inference_throughput_99.9:4": 4319.998681641027,
  "gpt_models/pytorch-resnet50/fp16_inference_throughput_99.9:5": 4319.537604984663,
  "gpt_models/pytorch-resnet50/fp16_inference_throughput_99.9:6": 4315.154208770836,
  "gpt_models/pytorch-resnet50/fp16_inference_throughput_99.9:7": 4322.315260506154,
  "gpt_models/pytorch-resnet50/fp16_inference_throughput_99.9:8": 4335.73243889686,
  "gpt_models/pytorch-resnet50/fp16_inference_throughput_99.9:9": 4312.68081539224,
  "gpt_models/pytorch-resnet50/fp16_inference_throughput_99.9:10": 4339.278505923165,
  "gpt_models/pytorch-resnet50/fp16_inference_throughput_99.9:11": 4315.786322790759,
  "gpt_models/pytorch-resnet50/fp16_inference_throughput_99.9:12": 4340.480328984826,
  "gpt_models/pytorch-resnet50/fp16_inference_throughput_99.9:13": 4305.947028762844,
  "gpt_models/pytorch-resnet50/fp16_inference_throughput_99.9:14": 4293.573767452837,
  "gpt_models/pytorch-resnet50/fp16_inference_throughput_99.9:15": 4317.468825687555,
  "monitor/gpu_temperature:0": 41,
  "monitor/gpu_temperature:1": 40,
  "monitor/gpu_temperature:2": 39,
  "monitor/gpu_temperature:3": 39,
  "monitor/gpu_temperature:4": 37,
  "monitor/gpu_temperature:5": 38,
  "monitor/gpu_temperature:6": 37,
  "monitor/gpu_temperature:7": 40,
  "monitor/gpu_power_limit:0": 500,
  "monitor/gpu_power_limit:1": 500,
  "monitor/gpu_power_limit:2": 500,
  "monitor/gpu_power_limit:3": 500,
  "monitor/gpu_power_limit:4": 500,
  "monitor/gpu_power_limit:5": 500,
  "monitor/gpu_power_limit:6": 500,
  "monitor/gpu_power_limit:7": 500,
  "monitor/gpu_corrected_ecc:0": 0,
  "monitor/gpu_corrected_ecc:1": 0,
  "monitor/gpu_corrected_ecc:2": 0,
  "monitor/gpu_corrected_ecc:3": 0,
  "monitor/gpu_corrected_ecc:4": 0,
  "monitor/gpu_corrected_ecc:5": 0,
  "monitor/gpu_corrected_ecc:6": 0,
  "monitor/gpu_corrected_ecc:7": 0,
  "monitor/gpu_uncorrected_ecc:0": 0,
  "monitor/gpu_uncorrected_ecc:1": 0,
  "monitor/gpu_uncorrected_ecc:2": 0,
  "monitor/gpu_uncorrected_ecc:3": 0,
  "monitor/gpu_uncorrected_ecc:4": 0,
  "monitor/gpu_uncorrected_ecc:5": 0,
  "monitor/gpu_uncorrected_ecc:6": 0,
  "monitor/gpu_uncorrected_ecc:7": 0,
  "monitor/gpu_remap_correctable_error:0": 0,
  "monitor/gpu_remap_uncorrectable_error:0": 0,
  "monitor/gpu_remap_max:0": 640,
  "monitor/gpu_remap_high:0": 0,
  "monitor/gpu_remap_partial:0": 0,
  "monitor/gpu_remap_low:0": 0,
  "monitor/gpu_remap_none:0": 0,
  "monitor/gpu_remap_correctable_error:1": 0,
  "monitor/gpu_remap_uncorrectable_error:1": 0,
  "monitor/gpu_remap_max:1": 640,
  "monitor/gpu_remap_high:1": 0,
  "monitor/gpu_remap_partial:1": 0,
  "monitor/gpu_remap_low:1": 0,
  "monitor/gpu_remap_none:1": 0,
  "monitor/gpu_remap_correctable_error:2": 0,
  "monitor/gpu_remap_uncorrectable_error:2": 0,
  "monitor/gpu_remap_max:2": 640,
  "monitor/gpu_remap_high:2": 0,
  "monitor/gpu_remap_partial:2": 0,
  "monitor/gpu_remap_low:2": 0,
  "monitor/gpu_remap_none:2": 0,
  "monitor/gpu_remap_correctable_error:3": 0,
  "monitor/gpu_remap_uncorrectable_error:3": 0,
  "monitor/gpu_remap_max:3": 640,
  "monitor/gpu_remap_high:3": 0,
  "monitor/gpu_remap_partial:3": 0,
  "monitor/gpu_remap_low:3": 0,
  "monitor/gpu_remap_none:3": 0,
  "monitor/gpu_remap_correctable_error:4": 0,
  "monitor/gpu_remap_uncorrectable_error:4": 0,
  "monitor/gpu_remap_max:4": 640,
  "monitor/gpu_remap_high:4": 0,
  "monitor/gpu_remap_partial:4": 0,
  "monitor/gpu_remap_low:4": 0,
  "monitor/gpu_remap_none:4": 0,
  "monitor/gpu_remap_correctable_error:5": 0,
  "monitor/gpu_remap_uncorrectable_error:5": 0,
  "monitor/gpu_remap_max:5": 640,
  "monitor/gpu_remap_high:5": 0,
  "monitor/gpu_remap_partial:5": 0,
  "monitor/gpu_remap_low:5": 0,
  "monitor/gpu_remap_none:5": 0,
  "monitor/gpu_remap_correctable_error:6": 0,
  "monitor/gpu_remap_uncorrectable_error:6": 0,
  "monitor/gpu_remap_max:6": 640,
  "monitor/gpu_remap_high:6": 0,
  "monitor/gpu_remap_partial:6": 0,
  "monitor/gpu_remap_low:6": 0,
  "monitor/gpu_remap_none:6": 0,
  "monitor/gpu_remap_correctable_error:7": 0,
  "monitor/gpu_remap_uncorrectable_error:7": 0,
  "monitor/gpu_remap_max:7": 640,
  "monitor/gpu_remap_high:7": 0,
  "monitor/gpu_remap_partial:7": 0,
  "monitor/gpu_remap_low:7": 0,
  "monitor/gpu_remap_none:7": 0
}